Game,Avg_Concurrent_Viewers,Peak_Concurrent_Viewers,Monthly_Hours_Watched_M,Streamer_Count,Streaming_Popularity_Bucket
Bridge Odyssey,342,952,120,14,Low
Variety Tales 5,57,124,43.2,15,Low
Alien Command,143,385,47.4,10,Low
Think Tales,2,3,1.8,10,Low
Gate Legends 5,2,4,2.2,14,Low
Bat Attack,23,62,17.4,10,Low
Mega Leap,4,5,4.5,10,Low
Shot Tales,137,399,100.9,18,Low
Scorpion Ring,107,269,82.9,10,Low
Warrior Chronicles,549,1270,120,10,Mid
World Tales,144,178,45.2,17,Low
Speed Legends 5,19,53,15.9,10,Low
Fighter Tales,1046,3054,120,19,Mid
Think Saga,18,30,17.6,10,Low
Retro Stories,12,35,10.7,15,Low
Pixel Legends 5,10,15,7.8,10,Low
Mystery Legends,7,13,8.9,10,Low
Battle Saga,743,1757,120,26,Mid
Mind Chronicles,24,49,28.7,12,Low
Cup Adventure,648,1380,98.9,10,Mid
Weapon Saga,224,641,120,10,Low
Mix Saga 4,62,154,58.8,10,Low
League Stories,742,1494,120,11,Mid
Riddle Epic,84,125,82.0,12,Low
Warrior Chronicles,52,148,50.0,13,Low
Hamster Adventure,93,164,72.9,14,Low
Jump Odyssey: Return,24,68,8.7,12,Low
Strategy Stories,82,168,70.1,15,Low
Attack Stories 5,46,110,18.8,10,Low
School Adventure,2,5,1.8,11,Low
Max Park,86,230,59.7,12,Low
The Season,334,415,120,10,Low
Challenge Chronicles: Revelation,42,111,24.3,10,Low
Game Adventure,180,436,118.3,10,Low
Turbo Brawl,13,34,14.6,10,Low
Think Stories 5,14,28,12.5,10,Low
Classic Tales,7,18,7.1,17,Low
Dash Epic,320,432,120,10,Low
Tournament Tales 3,4,10,4.1,10,Low
Season Chronicles,23,46,26.6,12,Low
Adventure Odyssey: Revenge,198,295,120,10,Low
Robot Quest,221,416,120,12,Low
Bear Command,4,6,4.3,10,Low
Circuit Saga,112,275,120,10,Low
Fun Saga,99,255,80.2,11,Low
Mage Duel,49,105,26.5,16,Low
Crow Strike 2,81,127,57.5,16,Low
Empire Stories: Redemption,148,358,98.1,12,Low
Samurai Voyage 5,22,37,11.5,11,Low
Master Mind,20,35,7.9,12,Low
Vintage Tales,37,63,36.1,10,Low
World Epic 4,14,33,8.6,14,Low
Victory Saga,90,239,64.5,12,Low
Bundle Adventure,25,72,22.8,10,Low
Alien Mystery,37,104,24.8,16,Low
Warrior Path 5,34,90,44.5,13,Low
Portal Tales,43,125,21.3,10,Low
Max Discovery 5,135,260,99.2,10,Low
Monster Circuit,36,59,36.4,10,Low
King Combat,209,621,120,17,Low
Turbo Season: Revolution,781,1532,120,23,Mid
Voyage Chronicles,183,314,120,16,Low
Hero Kingdom,57,100,52.5,10,Low
Pack Journey,102,157,84.6,16,Low
Park Odyssey 4,33,93,20.6,10,Low
Season Quest,7,20,5.5,23,Low
Mini Saga: Revelation,33,74,43.6,10,Low
Knight Hotel,102,160,76.6,10,Low
Lap Legends,169,424,120,10,Low
Crow Simple,9,26,8.4,13,Low
Crow Match,39,87,30.9,12,Low
Puzzle Chronicles,12,23,7.6,10,Low
City Epic,64,86,52.7,10,Low
Fire Journey,316,581,120,10,Low
Prince Variety 5,123,174,112.1,10,Low
Sim Chronicles,14,30,12.6,10,Low
Max Resort,151,439,120,18,Low
Combat Epic,45,121,32.9,10,Low
Empire Epic,163,467,120,17,Low
Run Epic 3,114,152,105.2,10,Low
Sim Quest,39,74,35.6,10,Low
Logic Adventure,16,28,16.6,10,Low
Conquest Adventure: Resurrection,0,0,0,10,Low
Gun Odyssey,215,366,120,10,Low
Park Journey,2,4,1.7,10,Low
King Gun,1431,2821,120,41,Mid
Dimension Adventure,54,129,25.8,10,Low
Mouse Solve,29,57,27.7,10,Low
Warrior Saga 4,34,82,21.3,10,Low
Fun Adventure 5,62,152,34.6,10,Low
Gun Stories,266,504,120,12,Low
Tiger Zoo: Revolution,92,210,86.5,10,Low
Rabbit Discovery,118,206,56.4,10,Low
Combat Quest,459,1232,120,10,Low
Explorer Saga,363,769,120,12,Low
Dragon Match,29,56,23.5,10,Low
Raven School,4,6,4.2,10,Low
Pro School,4,8,2.9,12,Low
Classic Tales,53,76,43.3,10,Low
Cat Games: Revolution,17,38,17.0,10,Low
Tournament Odyssey 4,2,5,1.4,16,Low
World Chronicles 5,6,17,4.4,10,Low
Shot Chronicles,66,164,65.9,16,Low
Battle Quest,45,87,32.2,10,Low
Hamster Life,68,194,31.3,10,Low
Farm Tales,15,32,12.4,10,Low
Old Adventure 5,32,93,25.5,13,Low
Collection Legends: Awakening,18,43,9.7,10,Low
Speed Chronicles,26,65,20.3,13,Low
Bat Trophy 4,49,119,45.5,10,Low
Falcon Tournament,448,1071,120,13,Low
Fire Journey,1007,2127,120,28,Mid
Robot Puzzle,6,17,5.9,14,Low
Pro Trophy,1095,2795,120,11,Mid
Fire Quest,121,195,120,11,Low
Classic Journey,0,0,0,10,Low
Prince Think,17,35,21.8,24,Low
Hyper Game,1106,2351,120,19,Mid
Rabbit Dimension,90,215,85.0,10,Low
Victory Stories: Awakening,180,301,120,10,Low
Jump Odyssey,16,29,20.8,10,Low
Samurai Racing: Return,122,316,120,10,Low
Leap Tales: Revenge,568,1054,120,13,Mid
Rabbit Warrior,669,966,120,10,Mid
Path Saga,368,998,120,10,Low
Trophy Quest,277,532,120,10,Low
Conquest Legends 2,22,43,20.1,25,Low
Pro Tournament,6,15,4.6,10,Low
Odyssey Stories,29,54,19.9,15,Low
Mega Pure,9,24,8.0,11,Low
Tiger World 5,56,91,11.8,15,Low
Falcon Voyage,85,121,49.1,10,Low
Bear Cup,677,1985,120,10,Mid
Mystery Tales,18,27,11.2,14,Low
Park Quest,6,11,7.9,10,Low
Phoenix Mini,144,317,93.5,10,Low
Cat Combat,62,104,39.2,18,Low
Pack Adventure,3084,6347,120,63,Mid
Fire Stories,838,2505,120,12,Mid
Dog Bridge,102,277,63.1,10,Low
Empire Chronicles,5,9,3.9,10,Low
Shark Blast,22,27,14.1,10,Low
Alien Ring,8,18,5.3,10,Low
Scope Journey,35,103,21.0,11,Low
Cat Cup 2,169,411,120,11,Low
Hamster Velocity: Rebirth,48,90,45.9,11,Low
Explorer Adventure,736,953,120,12,Mid
Fury Odyssey,132,212,100.1,10,Low
Arcade Tales: Revival,23,29,17.6,12,Low
Pure Stories,46,81,45.5,10,Low
Hotel Quest 3,4,7,2.1,10,Low
Assortment Chronicles: Rising,24,52,20.6,10,Low
Trigger Chronicles,544,1181,120,10,Mid
Resort Saga,8,18,6.8,10,Low
Dog Game,352,997,120,10,Low
Pack Journey,32,73,37.4,10,Low
Fight Odyssey,66,91,53.0,12,Low
Robot Sim,60,155,37.3,10,Low
Pro Season 2,201,551,120,14,Low
Warrior Quest,243,393,120,20,Low
Vintage Stories,9,16,6.1,12,Low
Raven Quest,98,293,52.7,13,Low
Cat Variety 2,2,5,1.2,10,Low
Knight Turbo,17,23,3.7,10,Low
Brain Adventure,11,18,9.0,10,Low
Knight Season,98,133,73.4,11,Low
Zoo Epic: Revenge,2,3,1.5,12,Low
Arcade Adventure,9,21,3.6,10,Low
Falcon Battle,137,378,120,10,Low
Hawk Finish,52,106,41.1,10,Low
Simple Quest 3,52,79,58.1,10,Low
Dash Legends: Revolution,102,276,86.1,10,Low
Bundle Saga,96,200,37.5,10,Low
Speed Adventure,5,11,1.1,10,Low
Ultimate Variety,8,21,7.5,13,Low
King League,100,159,45.6,20,Low
Arcade Odyssey,23,51,32.3,13,Low
Conflict Odyssey,78,125,45.6,12,Low
Conflict Epic,30,64,30.9,10,Low
Lord Champion,144,370,69.6,13,Low
Discovery Journey,315,737,120,17,Low
Trigger Quest,75,153,78.4,10,Low
Owl Finish,149,336,120,10,Low
Super Turbo 3,18,28,11.1,10,Low
Universe Chronicles 3,102,151,99.6,10,Low
Game Quest,154,371,88.4,10,Low
Rat Nitro,22,60,17.1,10,Low
Weapon Tales 2,246,660,120,10,Low
Combat Quest,171,493,120,12,Low
Jump Journey,6,16,5.2,10,Low
Empire Odyssey,20,35,24.2,10,Low
Rage Journey,80,98,78.4,12,Low
Storm Odyssey,265,627,120,11,Low
Storm Saga,302,770,120,20,Low
Sim Stories 3,2,4,2.0,11,Low
Explorer Journey,22,27,16.0,19,Low
Ultimate Siege,510,1375,120,10,Mid
Ninja Clash 5,90,123,46.5,15,Low
Track Quest,132,384,109.2,10,Low
Racing Chronicles 2,87,127,45.9,13,Low
School Odyssey 5,59,136,40.4,10,Low
Crow Quest,10,24,3.9,10,Low
King Blast,199,485,95.4,13,Low
Leap Epic,13,25,12.8,10,Low
Pirate Farm,29,59,17.5,10,Low
Turbo Odyssey,98,273,78.6,10,Low
Pure Odyssey,7,9,4.1,10,Low
World Quest 5,241,529,120,10,Low
Defense Adventure,122,339,93.8,15,Low
Launch Journey 5,35,82,24.2,10,Low
Lap Chronicles,261,547,120,24,Low
Attack Odyssey,168,220,114.2,11,Low
Phoenix Victory,104,137,48.9,15,Low
City Odyssey 2,47,72,26.6,10,Low
Quest Quest,177,391,120,10,Low
Leap Tales,27,51,13.7,10,Low
Super Explorer,179,496,120,10,Low
Bounce Adventure,10,26,10.6,10,Low
Ninja Riddle,35,55,38.5,14,Low
Crow Dash,19,54,10.2,10,Low
Match Legends,224,568,117.7,10,Low
Old Adventure 2,21,29,20.2,16,Low
World Saga 3,5,11,5.9,10,Low
Pro Scope,79,234,69.3,14,Low
Drive Odyssey 5,21,31,17.7,17,Low
Monster Tactics,39,55,42.1,10,Low
Brawl Saga,175,441,120,10,Low
Boost Stories: Revolution,8,12,8.2,12,Low
Raven Blast,332,444,120,15,Low
Brawl Chronicles,85,166,55.9,10,Low
Combat Quest 5,33,91,29.2,11,Low
Duel Stories,10,22,7.2,14,Low
Ultimate Universe 2,101,282,46.1,11,Low
Mix Stories,116,270,118.7,11,Low
Bat Park 5,8,20,6.9,10,Low
Siege Quest: Resurrection,41,57,34.6,13,Low
Scope Tales,308,657,114.2,10,Low
Simple Journey 3,272,805,120,15,Low
Journey Odyssey,141,285,79.5,10,Low
Bounce Odyssey,30,46,14.6,10,Low
Brawl Odyssey,34,42,28.4,11,Low
Ultimate Tactics 4,1,2,0.6,10,Low
Kingdom Quest,382,898,120,10,Low
Wolf Blast,184,502,83.3,10,Low
Match Odyssey,31,59,20.9,10,Low
Bat Run: Return,8,13,8.2,12,Low
Scope Odyssey,116,257,98.0,13,Low
Bear Bridge,35,84,18.3,10,Low
Conquest Quest 5,138,259,120,10,Low
Hyper Puzzle 3,17,28,9.4,14,Low
Wizard Indie,9,18,9.7,12,Low
Run Chronicles,15,35,13.5,10,Low
Victory Adventure 2,124,227,102.8,13,Low
Gate Odyssey: Revenge,4,6,3.6,10,Low
Hawk Challenge,153,377,116.3,19,Low
Duel Epic,30,53,33.3,11,Low
Trigger Quest,239,291,43.6,14,Low
Pixel Chronicles,66,84,73.1,10,Low
Circuit Quest,46,91,37.6,17,Low
Voyage Quest 5,224,398,120,10,Low
Rat Fighter,80,236,73.0,10,Low
Dog Final,879,1266,120,10,Mid
Phoenix Mix,27,57,21.1,10,Low
Expedition Tales,20,28,18.1,10,Low
Lion Journey,36,102,22.5,11,Low
Pirate Attack,35,71,26.6,19,Low
Championship Journey,128,326,35.1,10,Low
Velocity Tales: Revival,44,111,40.2,10,Low
Lion Final 3,179,447,120,10,Low
Pirate Enigma,5,9,4.0,13,Low
Rat Championship,9,13,7.4,10,Low
Raven Games,28,46,11.6,13,Low
Turbo Indie,34,73,41.9,10,Low
Combat Tales,46,64,43.4,10,Low
Retro Tales: Revolution,61,138,67.4,10,Low
Fire Legends,5,8,2.4,10,Low
Match Journey,120,316,106.5,10,Low
Old Chronicles,16,46,17.7,10,Low
Power Odyssey: Revenge,706,1372,120,10,Mid
Shot Saga: Return,320,402,120,10,Low
Force Epic,89,265,89.8,17,Low
Ultimate Dash,0,0,0,10,Low
Hero Empire 4,1059,2564,120,13,Mid
The Arena,44,98,27.0,15,Low
Battle Adventure: Revolution,23,63,22.1,10,Low
Squirrel Battle,325,820,120,11,Low
Old Saga: Revelation,14,31,11.7,10,Low
Life Journey 5,79,202,80.6,10,Low
Arcade Stories,1,2,0.7,10,Low
Challenge Quest 2,11,19,9.6,11,Low
Mystery Epic 5,98,175,58.6,10,Low
Realm Saga,124,260,116.0,17,Low
Dash Saga,33,68,40.8,10,Low
League Chronicles 2,42,125,39.7,10,Low
Defense Quest,7,10,3.6,10,Low
Adventure Saga: Resurrection,190,288,120,10,Low
The Rage,7,15,4.1,10,Low
Solve Adventure,77,156,70.0,11,Low
Turbo Hotel,6,10,3.3,10,Low
Conflict Odyssey,0,0,0,18,Low
Elite Journey,177,481,118.6,12,Low
Logic Adventure,18,41,20.2,14,Low
Rat Shot,180,321,67.4,11,Low
Pure Saga,491,1197,120,17,Low
Bear Ring: Revelation,22,49,11.2,12,Low
Pro Racing,40,82,18.5,16,Low
Path Epic,305,902,120,10,Low
Strategy Journey,7,11,6.3,10,Low
Cup Journey,18,27,15.6,10,Low
Shot Tales,52,126,36.9,11,Low
Fun Saga,189,290,120,10,Low
Rabbit Champion,528,714,120,10,Mid
Realm Journey,294,714,120,10,Low
Nitro Odyssey,25,38,22.9,11,Low
Force Legends,594,1392,120,10,Mid
Scope Odyssey,260,579,120,10,Low
Brawl Stories,19,43,17.7,12,Low
Battle Journey,70,176,52.1,10,Low
War Legends,13,16,10.0,10,Low
Prince World,158,305,101.3,10,Low
Elite Brain,38,58,13.4,10,Low
Kingdom Odyssey 5,152,448,120,10,Low
Nitro Saga,9,21,4.6,10,Low
Fire Quest,69,138,62.9,14,Low
Robot Combat,843,2231,120,37,Mid
Gate Journey 3,114,178,104.1,10,Low
Final Odyssey,490,762,120,10,Low
Kingdom Saga,115,161,120,10,Low
Falcon Circuit,173,251,120,15,Low
Think Chronicles,51,97,39.5,17,Low
Alien Lap 2,27,64,25.2,16,Low
Game Quest 3,363,625,120,10,Low
Fox Variety 2,62,127,29.8,10,Low
Retro Adventure,13,26,12.0,14,Low
Portal Odyssey,328,957,120,12,Low
Arena Journey,76,173,48.5,18,Low
Samurai Solve,45,130,31.2,10,Low
Rush Quest: Revival,23,28,18.1,12,Low
Bear Mini 4,44,117,44.7,10,Low
Scope Epic,380,1101,120,13,Low
Voyage Chronicles 5,167,462,120,11,Low
Championship Chronicles,87,148,97.2,10,Low
Duel Quest 4,17,45,11.8,16,Low
Tactics Quest,12,17,9.7,10,Low
Mage Fun: Revolution,89,265,40.3,11,Low
Robot Finish,65,164,42.7,11,Low
Force Tales,89,233,40.4,10,Low
Variety Epic 5,27,41,25.1,14,Low
Games Epic 4,439,1095,120,18,Low
Brain Chronicles,73,183,73.4,10,Low
Gate Chronicles,85,158,61.6,10,Low
Logic Adventure,787,2268,120,10,Mid
Final Adventure,5508,10063,120,75,High
Games Quest,158,393,120,10,Low
Bat Bundle: Awakening,93,146,96.1,11,Low
Speed Journey,90,239,41.9,10,Low
Journey Tales,174,465,120,10,Low
Ninja Realm,54,94,43.9,10,Low
Mini Odyssey,8,10,4.7,10,Low
Prince Gun,295,503,120,10,Low
The Conquest,7,10,6.2,10,Low
Fire Saga,58,149,34.3,10,Low
Speed Adventure,25,63,33.6,10,Low
Run Tales,49,119,35.8,10,Low
Champion Tales,93,227,69.6,10,Low
Eagle Farm,16,39,16.4,10,Low
Match Saga 2,25,47,23.9,16,Low
Universe Stories,165,332,83.0,10,Low
Quest Journey,78,186,68.8,10,Low
Battle Quest,5,11,5.0,10,Low
Hawk Launch,249,486,119.4,10,Low
Game Quest: Redemption,394,1113,120,12,Low
Park Stories: Revolution,8,16,6.2,10,Low
Dash Adventure,84,245,50.4,17,Low
Gun Odyssey 5,112,267,92.5,17,Low
Path Chronicles: Rebirth,207,374,120,18,Low
Squirrel Indie 3,12,29,14.0,10,Low
Ultimate Variety 4,3,8,2.1,13,Low
Victory Quest,79,203,85.7,10,Low
Indie Chronicles,10,29,10.6,18,Low
Leap Journey,138,247,120,14,Low
Master Trophy,197,345,120,10,Low
Strike Quest: Redemption,263,407,120,13,Low
Power Epic,245,599,120,10,Low
Conflict Saga,11,14,6.6,11,Low
Falcon Universe,0,0,0,10,Low
Monster World,58,70,48.6,15,Low
Tactics Tales,13,36,10.3,10,Low
Alien Bounce: Resurrection,33,54,32.5,10,Low
Victory Journey,176,279,120,10,Low
Variety Epic 3,34,93,25.6,10,Low
Alien Tournament,99,122,67.1,10,Low
Robot League,927,2114,120,10,Mid
Strike Chronicles,296,446,120,10,Low
Path Tales: Return,40,57,28.6,10,Low
Collection Quest,43,126,34.9,16,Low
Strategy Epic,63,146,52.2,17,Low
Trophy Saga,319,838,120,10,Low
World Legends 2,4,5,2.9,14,Low
Vintage Stories 3,5,8,4.3,13,Low
Bundle Tales,413,954,120,15,Low
Sim Chronicles,25,50,14.0,15,Low
Rabbit Blast,1097,1927,120,34,Mid
Phoenix Fury,544,1278,120,24,Mid
Wizard Bridge,1277,2851,120,19,Mid
Super Tournament,120,203,104.1,10,Low
Chronicles Epic,189,350,120,10,Low
Ultimate Puzzle 4,19,23,18.6,14,Low
Championship Stories,6,9,5.9,10,Low
Cup Journey,22982,31150,120,548,High
Strategy Legends 5,50,63,35.5,10,Low
Hero Universe,1,2,0.9,10,Low
Think Chronicles,38,83,38.9,12,Low
Warrior Drive,129,269,60.2,12,Low
Defense Journey,41,77,29.0,10,Low
Falcon Game,31,92,26.3,21,Low
Snake Shot,676,1164,120,10,Mid
Hawk Battle 5,5,7,5.0,10,Low
Dog Conflict,14,20,7.4,10,Low
World Saga 5,11,24,4.5,10,Low
Cat Power 5,368,832,120,10,Low
Leap Chronicles,155,417,120,10,Low
Crow Bridge,68,108,45.1,10,Low
Brain Saga 4,16,41,13.0,10,Low
Season Quest 3,321,408,120,16,Low
Run Odyssey,29,62,28.4,12,Low
Ultimate Storm: Revenge,417,886,120,16,Low
Elite Fun,37,97,37.4,10,Low
Journey Adventure,5,12,3.8,10,Low
Championship Stories: Redemption,33,81,29.5,10,Low
Voyage Odyssey,34,47,18.8,10,Low
Party Adventure,8,12,7.7,10,Low
Indie Legends: Rebirth,34,77,17.4,10,Low
Battle Journey,3,6,1.8,10,Low
Battle Epic: Rising,330,854,120,12,Low
Storm Tales,33,89,35.9,22,Low
Speed Legends 2,30,72,21.6,13,Low
Rush Epic 2,36,70,31.3,12,Low
Shark Quest,370,518,120,10,Low
Voyage Chronicles 4,67,154,56.6,10,Low
Portal Adventure,196,358,116.4,14,Low
Squirrel Dimension,238,623,120,14,Low
School Chronicles,3,4,1.5,10,Low
Legend Power,265,449,120,10,Low
Mix Saga,14,34,13.4,10,Low
Storm Journey,285,410,120,10,Low
Target Quest,1138,2397,120,17,Mid
Battle Quest,22,34,14.2,18,Low
Velocity Journey,140,353,112.3,11,Low
Scorpion Power,192,426,120,11,Low
Discovery Epic,206,557,120,10,Low
Samurai Zoo,93,204,74.0,10,Low
Puzzle Quest,8,10,6.5,10,Low
Dragon Simple: Return,18,22,11.6,10,Low
Riddle Chronicles 5,25,51,11.6,10,Low
Speed Saga,48,84,28.1,11,Low
Speed Epic,80,237,64.5,10,Low
Defense Quest,7,13,8.1,10,Low
Voyage Stories,59,172,53.5,13,Low
Hyper Turbo: Revival,53,119,51.7,17,Low
Final Stories,179,297,75.6,10,Low
Prince Empire: Revolution,110,134,92.4,10,Low
Bullet Quest,8,15,6.1,12,Low
Rat Drive,348,909,120,10,Low
Mystery Epic,21,56,16.5,10,Low
Assortment Tales,180,513,120,10,Low
Jump Journey,187,240,120,14,Low
Mind Saga,111,276,95.2,16,Low
Falcon Tournament,163,233,112.9,10,Low
Victory Adventure 5,162,333,120,14,Low
Bundle Legends,31,73,22.0,10,Low
Blast Epic,444,980,120,14,Low
Bundle Legends: Rebirth,69,148,60.0,10,Low
Sim Saga,11,22,6.1,10,Low
Strategy Quest,63,87,52.6,10,Low
Solve Tales 3,64,163,29.8,10,Low
Pirate Match,1368,1777,120,32,Mid
Aim Odyssey,1292,3704,120,37,Mid
Brain Saga,64,110,58.9,10,Low
Phoenix Power,264,429,120,16,Low
Rat Game,1064,1311,120,28,Mid
Match Saga: Return,13,25,12.9,16,Low
Cup Odyssey,25,43,20.0,10,Low
Finish Saga,21,47,21.5,15,Low
Rush Legends 3,1,2,0.7,16,Low
Ultimate Strategy,51,78,24.9,10,Low
Match Journey,211,519,120,13,Low
Classic Tales,20,28,8.4,12,Low
Wizard Mind,53,78,35.5,12,Low
Tactics Epic 5,14,21,14.8,10,Low
Logic Adventure: Revenge,14,25,8.9,10,Low
Adventure Quest,18,53,16.0,17,Low
Tournament Quest,103,237,59.0,10,Low
Explorer Tales,15,30,8.2,12,Low
Collection Legends,433,734,120,10,Low
Tournament Tales,216,594,120,17,Low
Season Legends,417,1156,120,10,Low
Pirate Fighter,168,251,120,16,Low
Squirrel Puzzle 4,36,58,36.6,10,Low
Arcade Journey 4,36,89,29.7,17,Low
Clash Saga,10,12,7.4,11,Low
Dash Odyssey,818,1622,120,14,Mid
Mage Universe,147,308,97.0,10,Low
Restaurant Quest 3,34,45,37.7,10,Low
Tournament Quest,29,50,12.5,17,Low
Think Saga,1,2,0.7,18,Low
Mind Adventure,53,95,54.6,16,Low
Blast Journey,2173,4023,120,58,Mid
Retro Tales,78,144,39.9,10,Low
War Stories,481,1109,120,10,Low
Gate Quest,15,21,11.3,10,Low
Simple Legends,14,22,8.1,10,Low
Defense Stories 4,70,205,15.1,11,Low
Adventure Stories 5,123,321,90.2,13,Low
Expedition Adventure,205,281,120,12,Low
Speed Stories,114,277,120,11,Low
Ring Saga 2,48,90,38.3,11,Low
School Adventure,0,0,0,10,Low
Bridge Journey,3,6,1.7,15,Low
Trigger Epic,237,593,120,10,Low
Zoo Saga 4,8,19,8.6,10,Low
Realm Epic,312,842,120,18,Low
Mind Legends,81,160,46.8,10,Low
Fury Adventure,61,144,27.9,16,Low
Ring Chronicles,84,103,77.5,10,Low
Mix Tales 5,3,6,3.0,11,Low
Game Journey,171,494,120,11,Low
Victory Chronicles,33,55,28.6,11,Low
Brawl Tales,35,93,47.5,10,Low
Life Tales,8,20,8.0,11,Low
Indie Adventure 2,20,28,10.4,15,Low
Kingdom Chronicles,789,2192,120,12,Mid
Knight Strike,49,134,64.0,10,Low
Lion Journey 4,87,156,70.9,15,Low
Ultimate Strategy,29,47,7.2,10,Low
Run Adventure,21,61,21.8,10,Low
Brawl Tales,21,44,16.8,10,Low
War Odyssey,1,2,0.7,17,Low
Lap Saga 4,4,7,1.8,18,Low
Attack Saga,27,68,22.5,14,Low
Finish Stories,94,169,76.0,14,Low
Warrior Adventure: Revenge,144,362,77.2,10,Low
Boost Epic,2,4,2.2,15,Low
Conquest Tales,29,59,31.6,10,Low
Run Legends,39,110,29.7,14,Low
Monster Enigma 5,17,29,16.4,13,Low
Fun Tales,103,227,100.1,10,Low
Pack Quest: Rebirth,248,301,120,10,Low
Battle Odyssey: Rebirth,4,9,1.0,10,Low
Warrior Farm,15,29,12.8,10,Low
Enigma Quest,59,114,35.7,11,Low
Defense Chronicles,32,72,30.7,10,Low
Turbo Journey,191,543,120,10,Low
Games Stories,34,86,29.7,16,Low
Vintage Odyssey,13,28,11.9,15,Low
Monster Duel,37,58,37.6,10,Low
Mouse Arena 3,97,128,69.8,10,Low
World Tales 4,48,107,39.1,14,Low
Run Adventure,50,133,52.4,10,Low
Park Saga,0,0,0,10,Low
Zoo Saga 4,18,32,16.2,15,Low
Bullet Saga 3,444,823,120,10,Low
Pure Stories,20,46,8.7,21,Low
Finish Epic,62,104,79.6,12,Low
Phoenix Solve,20,58,11.3,10,Low
Conquest Stories,0,0,0,12,Low
Mage Vintage,2,5,2.4,10,Low
Riddle Tales,13,17,12.6,10,Low
Force Chronicles,335,474,120,15,Low
Strategy Tales,3,7,0.5,10,Low
Dragon Discovery,104,151,120,19,Low
Scope Epic,482,1278,120,10,Low
Pixel Journey 3,25,51,23.2,10,Low
Mage Chronicles,195,544,120,12,Low
Retro Adventure,13,21,11.5,10,Low
Bear Variety 5,89,218,64.6,10,Low
Retro Quest,2,5,1.8,15,Low
Hero Defense,9,11,5.4,11,Low
Force Adventure 4,117,347,120,12,Low
Mind Adventure,76,201,71.7,10,Low
Season Quest,163,299,120,10,Low
Dog Vintage,4,9,3.4,10,Low
Raven Zoo 2,122,356,72.6,10,Low
Max Victory,52,93,40.6,14,Low
Zoo Chronicles 4,25,51,17.4,10,Low
Knight Universe,167,449,88.3,11,Low
Champion Odyssey,21,52,14.6,10,Low
Fun Adventure,54,77,28.6,10,Low
Champion Quest,267,595,120,10,Low
Bullet Saga,126,258,120,18,Low
Hotel Saga 2,35,50,38.5,10,Low
Bundle Saga,50,72,50.9,11,Low
Squirrel Realm,1,2,0.9,10,Low
Wolf Aim,1856,2840,120,75,Mid
Variety Epic,127,367,84.7,16,Low
Spring Legends 5,12,17,9.2,10,Low
Mystery Legends,13,26,10.3,13,Low
Pure Legends: Resurrection,7,9,5.9,10,Low
Track Tales,185,512,120,11,Low
Legend Universe,86,130,54.0,10,Low
Pack Quest 4,98,182,74.8,10,Low
Conquest Chronicles,49,131,51.0,10,Low
Wolf Pack 3,52,79,39.8,19,Low
Logic Adventure,85,157,88.2,10,Low
Strike Saga 4,1520,1940,120,35,Mid
Run Journey,65,123,67.9,10,Low
Samurai Arena,16,24,17.8,10,Low
Fury Stories,649,1462,120,20,Mid
Collection Saga,97,198,120,16,Low
Life Odyssey: Awakening,3,6,1.5,10,Low
Force Saga 5,239,475,120,18,Low
Robot War 4,30,67,21.6,10,Low
Spider Old,9,26,5.9,10,Low
Bounce Journey,30,72,26.6,10,Low
Dragon Farm: Redemption,71,136,98.9,10,Low
Falcon Trophy,61,127,65.5,10,Low
Path Legends,277,551,115.3,13,Low
Ultimate Mini,5,6,3.6,10,Low
Match Journey,12872,18038,120,194,High
Wizard Portal 4,1,2,0.6,10,Low
Nitro Journey,37,75,39.1,10,Low
Mix Adventure 2,17,35,12.8,10,Low
Voyage Legends,138,370,120,10,Low
Variety Chronicles,268,636,120,10,Low
Rage Journey 2,104,260,103.8,10,Low
Legend Collection: Rebirth,3,8,1.3,10,Low
Alien Siege 3,86,177,75.1,15,Low
Tactics Odyssey,5,11,4.0,10,Low
Battle Journey,320,771,120,10,Low
Jump Legends 3,61,182,53.5,10,Low
Rat Expedition,12,15,7.7,12,Low
Turbo Vintage,34,84,35.8,10,Low
Mouse Tournament,453,632,120,10,Low
Finish Journey,90,130,74.6,10,Low
War Saga,31,71,43.7,11,Low
Season Quest,66,142,51.3,10,Low
Fun Stories,94,159,82.8,10,Low
Dog Pack,211,415,120,12,Low
Brain Odyssey,35,84,23.6,12,Low
Attack Journey,74,134,34.0,10,Low
Challenge Odyssey,74,132,82.8,10,Low
Empire Chronicles,76,142,65.0,10,Low
Gate Saga,423,782,120,11,Low
Rat Mix,169,323,118.6,16,Low
Adventure Journey 5,37,64,35.8,10,Low
Zoo Odyssey,3,5,2.7,10,Low
Spider Chronicles,260,768,120,12,Low
School Journey: Revolution,3,8,2.2,16,Low
Mini Journey 2,362,853,120,10,Low
Chronicles Saga,586,1276,120,10,Mid
Path Stories,111,323,112.1,10,Low
Mini Tales,30,40,25.2,10,Low
Alien Games,74,114,12.1,10,Low
Speed Odyssey,15,28,6.3,14,Low
Legend Command: Rebirth,40,114,31.2,12,Low
Mind Tales 5,66,103,43.1,13,Low
Legend Bounce,78,186,52.9,13,Low
Dog Chronicles,11,28,7.6,10,Low
Indie Adventure,11,30,4.7,16,Low
Falcon Legends,101,227,120,17,Low
Enigma Stories,7,17,4.6,10,Low
Park Epic 3,114,252,120,10,Low
Season Epic: Revelation,552,1623,120,10,Mid
Spider Fun 4,7,17,7.5,10,Low
Bridge Odyssey,453,1145,120,10,Low
Adventure Journey 5,141,358,98.6,10,Low
Odyssey Chronicles 4,32,81,32.6,10,Low
Portal Tales 4,0,0,0,10,Low
Alien Arcade 4,24,57,30.1,13,Low
Think Tales,24,65,22.6,20,Low
Cup Legends 3,234,365,120,10,Low
Arena Epic 3,11,20,8.9,10,Low
Hyper Mind 3,71,108,71.8,10,Low
Hero Mix,16,47,17.5,10,Low
Brain Journey,83,237,86.3,10,Low
Challenge Quest,103,262,85.2,11,Low
Mystery Epic,2,4,1.6,10,Low
Raven Force,376,586,120,10,Low
Jump Stories,79,152,45.2,15,Low
Ninja Realm,322,702,32.9,10,Low
King Party,9,14,7.0,11,Low
Circuit Chronicles 2,373,539,120,10,Low
Clash Tales: Rebirth,27,39,31.6,10,Low
Duel Adventure,123,148,66.7,10,Low
Mage Gate 4,82,158,76.6,10,Low
Strike Adventure,76,95,88.7,10,Low
Super Battle,316,925,120,10,Low
Mega Fighter,124,151,103.5,14,Low
Brain Adventure,28,61,12.5,14,Low
Spider Tournament,94,231,66.3,10,Low
Hawk Turbo 3,33,72,21.7,10,Low
Think Journey,20,39,19.8,10,Low
Mini Legends,222,642,120,10,Low
Arena Odyssey: Return,93,231,59.9,10,Low
Chronicles Quest,135,203,120,10,Low
Hamster Bullet 4,99,147,70.5,10,Low
Weapon Quest,238,608,120,16,Low
Fire Saga 5,102,212,51.4,10,Low
Gun Saga,148,330,120,11,Low
Bullet Adventure,487,819,120,10,Low
Kingdom Legends,27,36,23.1,11,Low
Run Stories,58,158,36.9,14,Low
Think Odyssey,64,140,62.8,10,Low
Ring Legends,26,51,19.8,17,Low
Cup Saga: Awakening,33,80,40.6,10,Low
Super Circuit,4,5,4.1,10,Low
Combat Tales,661,988,120,21,Mid
School Stories 5,18,47,15.8,13,Low
Run Saga 2,53,96,28.4,10,Low
Defense Chronicles 2,19,40,16.8,11,Low
Cup Odyssey,1594,4694,120,33,Mid
Bat Bundle,19,24,19.4,10,Low
Siege Legends,23,44,18.7,10,Low
Combat Legends 3,1430,3555,120,41,Mid
Drive Stories,32,52,9.8,11,Low
Spider Path,47,107,29.6,16,Low
Prince Tactics 2,59,145,41.0,18,Low
Turbo Odyssey,29,81,25.9,10,Low
Scorpion Challenge 4,213,272,120,16,Low
Dimension Odyssey,75,168,61.5,12,Low
Track Quest 5,47,77,39.3,10,Low
Season Saga,475,596,120,10,Low
Champion Odyssey,110,287,69.6,10,Low
Fire Adventure,21,31,11.2,16,Low
Fire Odyssey,29,50,19.6,10,Low
Command Journey 3,34,83,24.3,10,Low
Scorpion Boost,382,526,120,13,Low
Falcon Sim: Rebirth,33,96,14.1,10,Low
Match Adventure,27,52,14.3,17,Low
Trigger Saga: Revolution,375,894,120,10,Low
Shot Tales,151,369,86.5,10,Low
Run Saga,58,78,64.9,10,Low
Fight Tales,30,54,14.1,12,Low
Super Strike,31,38,32.8,12,Low
Lord Expedition,31,66,24.3,10,Low
Enigma Adventure,28,44,24.1,11,Low
Journey Odyssey,4,10,2.4,15,Low
Party Saga,3,4,2.9,18,Low
Lion Realm,16,23,12.1,10,Low
Assortment Chronicles,51,87,45.0,10,Low
Voyage Legends,407,1114,120,10,Low
World Chronicles,196,399,48.3,14,Low
Raven Turbo,216,488,120,14,Low
Fox Mystery 2,35,46,29.8,10,Low
Fighter Chronicles 5,1134,3180,120,27,Mid
Voyage Tales,293,713,120,11,Low
Squirrel Cup,21,60,9.2,10,Low
Party Odyssey 2,29,47,28.0,14,Low
Voyage Journey 5,11,25,9.3,10,Low
Gun Saga,158,190,120,18,Low
Solve Journey,22,33,24.2,14,Low
Zoo Chronicles,52,144,46.8,10,Low
Speed Stories,72,183,53.0,10,Low
Track Odyssey,131,177,116.4,10,Low
Brawl Tales,383,531,120,10,Low
Empire Quest,4,5,2.9,10,Low
Expedition Epic 4,385,500,120,10,Low
Riddle Tales,841,2217,120,32,Mid
Alien Life,7,12,6.5,10,Low
Classic Journey,5,11,4.9,10,Low
Run Tales,57,148,42.0,10,Low
Robot Track,14,18,8.6,10,Low
Scorpion Variety,12,23,8.5,15,Low
Legend Mind,60,84,67.7,15,Low
Dimension Saga,330,948,120,10,Low
Variety Adventure: Redemption,36,101,36.7,17,Low
Victory Stories 4,148,228,120,10,Low
Bat Party,44,130,32.7,10,Low
Kingdom Chronicles 5,206,302,120,10,Low
Squirrel Legends,94,216,97.0,10,Low
Strike Journey,2291,5247,120,26,Mid
Logic Adventure,7,11,5.0,17,Low
Phoenix Boost,0,0,0,14,Low
Logic Stories,32,92,18.7,10,Low
Pirate Leap,58,164,27.1,10,Low
Indie Stories,27,58,9.9,13,Low
Squirrel Run 5,135,164,109.8,11,Low
Solve Legends,40,82,39.1,20,Low
Eagle Combat,170,207,104.9,10,Low
Mix Stories 4,18,27,10.8,10,Low
Master World,364,1067,120,18,Low
Turbo Odyssey,246,678,120,13,Low
Hyper Boost,15,43,7.2,21,Low
Mix Stories,30,72,26.1,10,Low
Track Stories,22,29,19.2,10,Low
Hyper Pure: Resurrection,58,159,48.6,13,Low
Scorpion Racing,24,36,22.7,11,Low
Target Adventure,83,120,14.7,14,Low
Track Legends 4,5,14,4.4,16,Low
Hyper Launch,394,548,120,10,Low
Cat Track,26,63,31.5,15,Low
Bounce Stories,191,318,120,10,Low
Shark Power,33,88,12.4,10,Low
Super Bounce: Return,950,2512,120,10,Mid
Legend Ring,143,248,74.2,10,Low
Party Chronicles,80,203,43.3,10,Low
Empire Legends,89,229,76.7,10,Low
Hyper Pixel 3,29,60,22.1,10,Low
Circuit Quest,74,141,26.2,10,Low
Final Journey,125,302,120,15,Low
Weapon Odyssey,36,61,25.5,10,Low
Arena Adventure,40,68,32.2,10,Low
Mouse Zoo,72,136,26.7,10,Low
Power Journey: Revelation,269,666,120,10,Low
Fire Saga,142,342,120,13,Low
Fire Odyssey 5,171,219,103.4,10,Low
Wizard Battle,23,66,16.2,17,Low
Arena Epic 5,210,437,120,12,Low
Tiger Final: Revival,1565,3664,120,43,Mid
Squirrel Mystery,67,117,59.3,10,Low
Shark Voyage,259,390,120,10,Low
Hawk Odyssey,146,323,120,19,Low
Speed Journey,2,3,1.6,10,Low
Logic Journey 2,81,183,66.1,10,Low
Pirate Track 2,35,72,33.8,11,Low
Racing Journey,100,208,92.6,19,Low
Odyssey Epic,19,38,18.8,10,Low
Classic Chronicles,31,86,23.1,13,Low
Fight Adventure,18,36,17.0,10,Low
Arcade Adventure,6,12,5.3,10,Low
Snake Storm,88,252,84.0,14,Low
Adventure Journey,67,186,69.1,10,Low
Nitro Odyssey 4,263,544,120,13,Low
Speed Legends,70,179,63.0,14,Low
Scorpion Quest,191,434,120,10,Low
Tournament Adventure,77,184,29.1,10,Low
Mage Rush: Redemption,9,25,8.7,21,Low
Wizard Logic,46,98,15.4,15,Low
Fire Chronicles,46,101,17.4,10,Low
Bear Life,9,17,6.8,10,Low
The Retro,11,17,14.0,10,Low
Pirate Jump,11,26,13.1,11,Low
Path Legends: Resurrection,304,442,120,10,Low
Strategy Journey,71,140,44.8,10,Low
Turbo Path 2,148,284,120,10,Low
Dog Riddle 4,26,46,19.2,12,Low
Enigma Saga,39,65,22.5,18,Low
Battle Odyssey 5,34,91,38.8,10,Low
Ring Stories,17,33,12.8,23,Low
Vintage Saga,40,59,16.6,10,Low
Enigma Odyssey,12,29,12.9,10,Low
Max Mini,22,39,17.4,10,Low
Lord Indie,28,44,10.1,10,Low
Riddle Journey 3,198,245,120,10,Low
Prince Racing,78,133,12.2,12,Low
Raven Quest 2,69,203,70.7,10,Low
Warrior Explorer,778,1743,120,21,Mid
Collection Adventure 2,58,110,42.2,11,Low
Games Adventure,120,206,59.6,20,Low
Explorer Legends: Awakening,114,173,42.4,10,Low
School Odyssey,26,59,12.3,14,Low
Dog Universe,342,470,120,12,Low
Shot Stories 3,443,959,120,10,Low
Eagle Logic,29,56,36.3,12,Low
Bundle Chronicles,5,13,2.4,10,Low
Legend Brain,3,7,1.5,10,Low
Trigger Quest,579,1256,120,10,Mid
Dragon Retro,6,12,4.4,11,Low
Mega Mind,9,16,6.7,10,Low
Wizard Brawl,187,469,120,10,Low
Path Legends: Rising,259,466,120,14,Low
Boost Epic,39,59,23.5,10,Low
Old Saga,34,43,23.9,10,Low
League Journey 3,88,116,105.5,18,Low
Rage Stories 5,10,27,7.3,10,Low
Speed Journey,11,26,10.8,16,Low
Racing Tales 4,26,72,15.0,10,Low
Turbo Legends 3,53,145,28.2,10,Low
Target Saga,572,1410,120,10,Mid
Trigger Adventure: Awakening,76,129,72.6,11,Low
Clash Epic 4,8,12,3.6,10,Low
Wolf Enigma,215,493,120,17,Low
Farm Legends,31,92,18.9,12,Low
Squirrel Fight 4,14,38,13.6,10,Low
Run Tales,52,143,46.1,10,Low
Dash Saga,102,138,120,12,Low
Lion Fighter: Resurrection,45,99,39.4,10,Low
Dragon Conflict 5,7,18,6.2,10,Low
Variety Tales,70,102,67.3,14,Low
Championship Stories,182,230,108.2,10,Low
Command Saga,91,237,93.8,10,Low
Riddle Journey 4,12,33,9.1,10,Low
Hero Boost: Awakening,29,54,26.1,14,Low
Fight Odyssey,28,61,19.0,10,Low
Fighter Legends,13,35,8.9,10,Low
Rage Chronicles,526,953,120,10,Mid
Fire Stories 3,205,334,120,10,Low
Ultimate Duel,47,119,26.1,10,Low
Lion Target 4,145,188,120,14,Low
Leap Stories 2,50,110,30.6,11,Low
Lion Scope,292,529,120,12,Low
Classic Quest,7,13,5.2,10,Low
Combat Tales,1052,3089,120,24,Mid
Spring Epic,229,620,120,10,Low
Speed Tales,4,11,3.3,13,Low
Pixel Chronicles,66,164,33.5,13,Low
Strategy Adventure,12,35,10.8,11,Low
Discovery Odyssey,177,228,120,12,Low
Indie Quest,0,0,0,10,Low
The Variety 5,34,51,13.8,10,Low
Tournament Stories,182,238,120,10,Low
Enigma Saga,54,110,37.9,10,Low
Games Tales,8,13,9.8,15,Low
Championship Adventure,89,254,33.8,10,Low
Vintage Legends,0,0,0,15,Low
Alien Weapon,23,53,13.1,15,Low
Match Odyssey,118,204,120,12,Low
Warrior World,17,29,12.7,10,Low
Vintage Legends,126,244,77.7,16,Low
The Mind,4,9,3.0,10,Low
Pack Chronicles: Revenge,5,8,2.0,10,Low
Legend Battle,22,40,21.5,14,Low
Run Odyssey: Revival,20,40,12.3,10,Low
Classic Quest,3,7,2.7,10,Low
Discovery Legends: Awakening,52,73,20.3,10,Low
Rage Adventure 2,124,208,65.6,10,Low
Alien Indie,28,79,17.3,15,Low
Mega Match,59,144,45.8,12,Low
Farm Quest 3,24,39,32.7,18,Low
Jump Odyssey,75,180,51.5,10,Low
Logic Saga,7,10,5.9,10,Low
Battle Journey,7,14,5.3,10,Low
Combat Adventure,108,267,113.9,10,Low
Strike Epic,218,323,109.2,10,Low
Tournament Stories,80,137,62.8,10,Low
The Park,16,46,11.7,15,Low
Strategy Adventure,31,84,25.2,20,Low
Fight Epic 2,48,79,30.6,13,Low
Hero Game,87,223,79.1,11,Low
Dragon Empire: Revelation,37,79,28.3,11,Low
Knight Games: Awakening,10,19,9.0,10,Low
Expedition Tales 5,130,377,83.4,10,Low
Rush Epic,75,176,48.1,18,Low
Quest Stories,21,55,20.6,10,Low
Simple Tales,7,19,4.6,14,Low
Rabbit Combat: Revolution,0,0,0,10,Low
Riddle Journey: Awakening,2,3,1.0,10,Low
Owl Battle 5,8,23,9.0,10,Low
Match Epic,71,120,43.8,10,Low
Master Fury,690,1948,120,10,Mid
Trigger Adventure 5,197,556,68.0,14,Low
Strike Legends,259,715,120,10,Low
Puzzle Journey,8,18,4.9,14,Low
Lord Boost,10,20,8.8,10,Low
Rabbit Speed,3,8,3.0,10,Low
Battle Epic,28,44,6.7,10,Low
Legends Legends,282,442,120,14,Low
Clash Quest,330,666,120,10,Low
Crow Gate,31,59,30.5,10,Low
Match Quest,42,121,30.1,10,Low
Speed Legends,134,207,60.4,10,Low
Launch Journey,79,181,86.2,10,Low
Lap Legends,41,95,25.9,10,Low
Arcade Quest,43,85,29.2,10,Low
Gun Journey,164,348,100.5,12,Low
Puzzle Epic,27,35,24.0,10,Low
Challenge Adventure 3,12,33,7.4,12,Low
Turbo Puzzle,59,95,44.6,13,Low
Target Epic,97,121,119.5,10,Low
Collection Quest,125,367,69.2,10,Low
Realm Saga,102,158,90.5,11,Low
Ultimate Universe 3,73,189,62.8,16,Low
Wizard Scope 3,28,60,18.9,17,Low
Challenge Tales,17,41,14.0,10,Low
Vintage Stories,24,71,17.4,13,Low
Weapon Journey,249,733,120,10,Low
Kingdom Odyssey 2,165,383,120,11,Low
Arcade Saga,2,3,2.2,10,Low
Puzzle Chronicles 2,20,50,12.4,10,Low
Samurai Dash,6,15,4.9,10,Low
Trophy Quest,220,450,120,11,Low
Jump Odyssey,58,162,39.8,10,Low
Final Stories,32,45,26.5,14,Low
School Tales,5,13,4.8,10,Low
Bridge Tales,6,17,4.0,10,Low
Velocity Legends,70,175,59.1,10,Low
World Stories,16,36,14.0,12,Low
World Epic 4,6,12,5.6,10,Low
Max Dimension 5,21,40,20.2,11,Low
War Stories,26,60,11.7,12,Low
Combat Chronicles: Revelation,285,548,120,10,Low
King Jump 2,170,241,120,12,Low
Strike Epic: Revelation,1376,2144,120,27,Mid
Scorpion Path: Resurrection,72,173,56.8,16,Low
Games Saga,7,9,7.5,14,Low
Track Journey,163,457,120,12,Low
Tactics Chronicles,37,58,29.5,10,Low
Fury Quest: Redemption,55,140,32.5,10,Low
Gun Epic,26,38,16.0,13,Low
Dimension Epic,106,258,74.1,12,Low
Fire Tales: Revenge,34,45,14.1,10,Low
Attack Adventure,25,74,19.2,10,Low
Conflict Stories: Return,0,0,0,15,Low
Vintage Adventure 4,2,5,1.7,19,Low
Target Epic,302,692,120,10,Low
Season Epic,51,83,24.9,10,Low
Expedition Chronicles,125,345,96.9,10,Low
Expedition Odyssey 5,22,38,22.6,10,Low
Hawk Power 3,835,2499,120,29,Mid
Chronicles Tales,200,313,120,10,Low
Think Epic 2,0,0,0,16,Low
Life Tales: Awakening,38,49,25.2,14,Low
Zoo Quest,58,129,40.5,11,Low
Warrior Kingdom,316,393,120,13,Low
Mage Fighter: Redemption,407,997,120,10,Low
Bundle Saga,2,3,1.8,10,Low
Lap Quest 2,37,90,38.1,10,Low
Drive Chronicles 3,63,167,54.7,10,Low
Discovery Chronicles,100,155,76.3,10,Low
Elite Fighter,14,20,9.0,16,Low
Riddle Epic,92,185,103.7,10,Low
Dash Quest,68,172,60.1,12,Low
Target Adventure,241,700,120,10,Low
Voyage Tales,202,562,120,10,Low
Expedition Saga,104,222,84.5,10,Low
Universe Journey 4,1316,2151,120,37,Mid
Dog Season,395,920,120,14,Low
Victory Adventure 3,581,1438,120,10,Mid
World Epic,2,4,1.9,11,Low
Wizard Leap,81,187,70.1,10,Low
Circuit Adventure,82,103,76.0,10,Low
Bounce Stories,106,264,60.4,11,Low
Ultimate Speed 4,173,284,120,10,Low
Combat Saga,42,116,43.1,10,Low
Lap Odyssey,167,390,120,10,Low
Shot Epic,350,662,120,12,Low
Chronicles Quest,339,564,120,10,Low
Phoenix Velocity,217,444,102.8,10,Low
Robot Journey,24,34,16.9,10,Low
Party Quest,49,97,33.6,15,Low
Legend Siege 5,636,1172,120,12,Mid
Old Quest 4,29,59,25.0,10,Low
Squirrel Odyssey,86,172,32.9,10,Low
Raven Indie 4,6,15,5.6,10,Low
Chronicles Adventure,721,1060,120,22,Mid
Dash Saga,16,21,14.6,12,Low
Mouse Circuit,118,265,115.8,10,Low
City Journey,12,31,11.8,10,Low
Legend Restaurant,58,97,24.2,10,Low
Brawl Saga,0,0,0,10,Low
Bridge Quest,99,250,46.8,10,Low
Gate Tales 2,496,815,120,10,Low
War Journey,31,77,33.6,10,Low
Puzzle Saga 3,10,20,8.8,10,Low
Explorer Adventure,105,296,50.8,12,Low
Pirate Aim,214,544,120,10,Low
Collection Adventure 3,73,132,41.2,20,Low
Chronicles Legends,39,49,27.0,14,Low
Drive Epic,46,66,41.3,10,Low
Quest Odyssey,375,857,120,10,Low
Universe Adventure 4,37,76,36.2,15,Low
School Quest 3,32,44,27.0,14,Low
Fury Quest,659,1486,120,19,Mid
Super Tactics: Awakening,14,38,14.7,10,Low
Pure Odyssey,15,24,14.0,10,Low
Retro Legends,16,47,19.8,17,Low
Universe Quest,264,519,120,10,Low
Phoenix Park: Return,1,2,0.7,15,Low
Brain Odyssey,25,33,15.7,10,Low
King Trigger 2,76,119,85.2,10,Low
Mage Odyssey,5,7,4.6,10,Low
Nitro Chronicles,24,64,22.6,10,Low
Lap Chronicles,110,255,94.9,10,Low
Ultimate Weapon,23,55,21.6,10,Low
Shot Chronicles 4,112,199,96.6,10,Low
Mind Saga,31,61,32.8,11,Low
Zoo Odyssey 5,3,4,3.2,10,Low
Track Quest,219,563,120,10,Low
Enigma Legends: Revival,18,46,16.2,11,Low
Raven Dimension,1006,1857,120,10,Mid
League Chronicles,617,1147,120,13,Mid
Gate Saga,356,831,120,20,Low
Dash Chronicles,31,62,18.5,16,Low
Park Tales,18,44,17.6,10,Low
Duel Epic,30,57,24.4,18,Low
Blast Epic,1,2,0.7,18,Low
Warrior Fight,110,189,78.8,12,Low
Circuit Stories,12,35,8.2,10,Low
Conflict Chronicles,25,30,23.7,21,Low
Mystery Chronicles,14,30,9.2,17,Low
Retro Odyssey,5,8,3.6,17,Low
Ninja Challenge,4,5,2.3,10,Low
Odyssey Tales,150,353,120,10,Low
Duel Legends,10,22,5.3,10,Low
Circuit Stories,17,36,16.7,15,Low
Universe Tales,90,183,42.1,11,Low
Quest Stories,12,28,9.6,10,Low
Chronicles Saga,89,109,71.0,14,Low
Blast Legends 3,6,8,4.3,10,Low
Trigger Legends,381,761,120,17,Low
Mini Quest,219,482,120,11,Low
Life Odyssey,118,147,79.9,10,Low
Tournament Quest,185,357,120,13,Low
Launch Chronicles,65,142,65.4,10,Low
Expedition Tales,255,397,120,10,Low
Game Saga,334,547,120,15,Low
Voyage Saga: Rising,178,407,114.4,10,Low
Arena Chronicles 3,124,229,77.7,11,Low
Bat Spring,125,374,119.1,10,Low
Mind Journey,31,75,44.9,11,Low
Variety Odyssey,10,24,6.3,12,Low
Adventure Adventure,237,508,120,15,Low
Victory Stories,49,97,22.4,16,Low
Voyage Adventure,20,42,26.0,10,Low
Boost Journey,169,346,115.3,10,Low
Mage Season,119,246,53.5,15,Low
Fire Quest,222,615,120,10,Low
Fire Epic,627,1053,120,24,Mid
Spider Boost,25,63,26.2,10,Low
Expedition Epic,136,405,75.5,14,Low
Games Adventure,25,35,16.8,15,Low
Tournament Legends,463,647,120,10,Low
Falcon Conflict,6,17,7.2,10,Low
Zoo Epic,2,4,2.0,10,Low
Master Pure,53,88,43.8,10,Low
Hyper Duel,47,97,39.7,14,Low
Master Match,208,609,109.4,10,Low
Classic Legends,17,47,15.2,11,Low
Fire Tales,410,935,120,10,Low
Conquest Stories,10,15,8.0,19,Low
Cup Epic,89,130,68.0,10,Low
Realm Stories 4,98,278,107.3,11,Low
Party Legends,104,256,30.3,11,Low
Elite Finish,36,80,25.9,15,Low
Battle Stories,8,10,7.2,12,Low
Lord Pack,109,161,120,10,Low
League Quest 5,1,2,0.7,14,Low
Arcade Odyssey,16,21,6.5,11,Low
Racing Saga,37,87,28.8,10,Low
Run Quest,15,36,12.8,20,Low
Mind Tales,27,49,23.4,15,Low
Assortment Adventure,22,42,22.3,18,Low
Match Odyssey,35,78,28.1,16,Low
Dragon Force,52,90,60.3,10,Low
Mini Epic: Revival,110,271,64.5,10,Low
Logic Journey 4,121,355,90.3,10,Low
Racing Tales,73,199,62.1,10,Low
Tiger Challenge,899,2354,120,27,Mid
Wolf Speed,230,661,118.8,16,Low
Squirrel Leap,142,390,73.4,10,Low
Eagle Games,31,80,12.8,10,Low
Ring Stories 4,17,30,15.5,10,Low
Mouse Strike,786,1898,120,14,Mid
Fox Resort 3,3,8,3.1,16,Low
Lion Puzzle,14,18,19.1,10,Low
Scope Epic,110,177,73.3,10,Low
Knight Resort,54,154,54.8,10,Low
Brain Epic,12,30,7.5,17,Low
Arcade Journey 2,2,3,2.1,20,Low
Dash Epic,45,96,43.3,10,Low
Tactics Stories,18,29,15.5,13,Low
Prince Arena,125,248,120,10,Low
Warrior Turbo,15,24,16.2,11,Low
Discovery Tales,94,193,61.9,10,Low
Tournament Epic,10,27,10.2,14,Low
Racing Saga 4,268,797,120,10,Low
Conflict Stories,454,932,120,12,Low
Prince Simple,3,4,3.2,17,Low
World Tales,313,679,120,15,Low
Match Quest,107,307,101.8,10,Low
Duel Quest,3,5,0.6,10,Low
Bounce Journey,79,180,81.0,16,Low
World Saga 2,137,233,104.1,12,Low
Fun Legends,13,33,7.9,10,Low
The Rush,155,355,76.0,13,Low
Restaurant Odyssey,16,41,17.0,14,Low
Voyage Saga 4,93,240,56.6,13,Low
Gate Epic: Revival,123,303,68.4,10,Low
Mega Tournament,175,440,120,15,Low
Warrior Stories,122,352,100.9,10,Low
Spring Epic,59,157,58.0,10,Low
Chronicles Chronicles,20,28,13.7,10,Low
Velocity Epic,124,176,120,10,Low
Kingdom Quest: Rebirth,48,142,39.9,10,Low
Samurai Arena,22,60,13.6,10,Low
Gun Tales,167,492,105.1,10,Low
King City 4,233,539,120,12,Low
Storm Legends,129,298,96.6,13,Low
Spider Quest,367,960,120,10,Low
Farm Epic 3,54,132,35.9,10,Low
Hyper Attack,116,256,97.7,11,Low
Assortment Tales,1,2,1.1,17,Low
Wolf Mix,29,39,24.4,13,Low
Siege Quest: Revival,26,44,17.7,10,Low
Champion Odyssey,85,130,57.4,10,Low
Games Quest,27,61,18.6,10,Low
Expedition Saga 5,406,1105,120,11,Low
Simple Epic 3,61,92,65.4,16,Low
Simple Chronicles 3,21,54,16.3,10,Low
Assortment Saga,272,661,120,10,Low
Crow Conquest,10,16,4.0,10,Low
Discovery Legends,925,2198,120,15,Mid
Run Chronicles 4,85,138,55.5,13,Low
War Odyssey 4,0,0,0,16,Low
Run Epic,104,298,102.3,11,Low
Legend Resort: Resurrection,10,17,7.2,10,Low
Fire Chronicles,527,1479,120,10,Mid
Speed Legends: Redemption,128,162,120,10,Low
Scorpion Finish 2,25,57,18.2,11,Low
Weapon Adventure,59,76,14.1,10,Low
Arena Saga 3,67,186,29.8,10,Low
Puzzle Stories,1,2,1.2,10,Low
Hawk Odyssey 3,1765,2790,120,51,Mid
Think Tales,22,57,25.4,10,Low
Battle Quest 5,30,74,24.3,10,Low
Tiger City: Revelation,5,14,3.0,11,Low
Challenge Legends,18,37,15.7,10,Low
The Storm,645,1205,120,16,Mid
Prince Pack,30,37,31.7,11,Low
Season Epic,130,238,120,10,Low
Dog Siege,357,584,120,16,Low
Hamster Mind,59,137,51.8,10,Low
Scope Tales,7,19,4.9,14,Low
Chronicles Odyssey 3,118,225,103.6,18,Low
Realm Tales,69,83,70.6,10,Low
Snake Scope 3,95,177,90.8,10,Low
Fighter Quest 2,71,121,41.5,16,Low
Monster Enigma,45,125,28.7,10,Low
Ring Journey,26,48,20.4,13,Low
Season Chronicles,56,133,57.5,14,Low
Eagle Hotel 4,24,55,27.7,10,Low
Fun Saga,19,27,18.8,10,Low
Hawk Fun,52,71,29.7,10,Low
Command Saga,5,6,6.3,12,Low
Quest Quest 2,140,336,78.1,10,Low
Dog Fighter 5,616,1157,120,13,Mid
Finish Stories,91,115,51.9,10,Low
School Saga,68,146,60.9,10,Low
Mage Hotel: Rising,35,53,19.0,10,Low
Mega Journey,311,505,120,10,Low
Mix Legends,323,568,84.4,13,Low
Simple Odyssey 2,7,20,7.5,11,Low
Discovery Epic 4,224,650,120,10,Low
Aim Epic,55,91,41.2,14,Low
Scope Journey,207,276,120,10,Low
Phoenix Arcade,28,74,13.4,10,Low
Chronicles Chronicles,17,48,21.3,10,Low
Final Tales,518,1439,120,10,Mid
Duel Odyssey,392,1089,120,10,Low
Empire Legends,565,1413,120,11,Mid
Mage Attack: Rising,5,7,2.7,10,Low
Pirate Command,97,165,65.6,10,Low
Tournament Saga,65,171,44.7,10,Low
Bridge Tales: Return,254,399,120,10,Low
Leap Stories,37,96,14.2,14,Low
Prince Voyage,125,248,59.5,10,Low
Tactics Epic 4,5,13,4.6,16,Low
Launch Quest,12,26,6.8,10,Low
Pixel Tales 2,7,14,6.9,10,Low
Mouse Gun,4,6,3.1,10,Low
Trophy Odyssey,77,135,33.9,10,Low
Shark Logic,55,72,31.4,10,Low
Ninja Fighter,298,834,120,12,Low
Odyssey Legends,626,1057,120,10,Mid
Mouse Champion,169,225,89.3,10,Low
Monster Leap,103,172,92.3,12,Low
Dragon Classic: Revenge,2,3,1.8,18,Low
Discovery Journey,310,574,120,19,Low
Spring Tales,42,64,29.4,14,Low
Circuit Legends,52,151,49.2,12,Low
Gate Chronicles 3,165,438,120,10,Low
Logic Quest 5,37,91,36.9,10,Low
City Stories,60,77,37.7,10,Low
Journey Saga,130,343,120,10,Low
Party Tales,2,3,2.3,12,Low
Universe Stories,137,349,93.3,11,Low
Finish Chronicles,123,352,83.1,10,Low
Trigger Stories,112,317,120,10,Low
Bat Launch,95,259,76.7,18,Low
Lord Simple,45,66,42.9,12,Low
Brain Epic,261,366,120,11,Low
Pure Stories 4,45,97,36.2,10,Low
Pro Cup 2,238,344,120,10,Low
Strategy Saga,13,23,8.6,10,Low
Challenge Odyssey: Rising,4,7,4.3,12,Low
Old Epic 5,42,64,17.4,14,Low
Finish Legends 3,14,25,9.1,13,Low
Shark Dimension,304,713,120,10,Low
Lion Clash,12,26,12.5,10,Low
World Adventure 4,99,232,96.3,10,Low
Run Journey: Resurrection,70,153,52.0,10,Low
Expedition Journey,94,128,83.8,11,Low
Raven Assortment,96,240,85.1,10,Low
Power Journey,359,861,120,10,Low
Bear Dash,34,81,29.3,12,Low
Drive Tales 5,0,0,0,10,Low
Mouse Empire,5,14,2.7,10,Low
Racing Epic,43,68,29.0,10,Low
Wizard Variety,41,98,52.1,10,Low
Pack Tales: Revival,28,37,25.4,10,Low
Knight Run 5,75,178,37.5,10,Low
Quest Adventure,186,442,120,10,Low
Battle Saga,551,1334,120,10,Mid
Champion Adventure 4,4317,10226,120,118,Mid
Duel Odyssey 5,90,110,79.1,10,Low
Collection Chronicles,4,9,3.2,10,Low
Mega Duel,45,116,25.6,10,Low
Puzzle Adventure,79,153,53.5,12,Low
Robot Realm,232,398,74.1,10,Low
Tournament Adventure,45,79,41.1,10,Low
Enigma Quest,45,110,47.4,15,Low
Aim Odyssey,203,490,120,10,Low
Dragon Bridge,101,155,82.1,10,Low
Launch Saga 5,87,164,69.4,26,Low
Turbo Epic,81,201,53.0,13,Low
Tournament Epic 4,70,130,38.6,15,Low
Elite Blast,80,217,63.8,10,Low
Shot Epic,364,879,120,10,Low
Pure Stories 5,16,37,10.2,10,Low
Mystery Chronicles,13,26,8.7,10,Low
Jump Epic,15,28,20.8,10,Low
Squirrel Clash,44,88,42.3,18,Low
Aim Stories,150,313,120,10,Low
Ninja Vintage,4,5,2.4,12,Low
Tiger Duel,50,71,33.8,10,Low
School Stories,5,13,4.2,10,Low
Hawk Simple,31,62,16.0,12,Low
Brawl Adventure,91,151,57.6,12,Low
School Chronicles,34,43,28.1,17,Low
Season Tales,80,157,78.4,12,Low
Adventure Stories 4,45,75,35.5,10,Low
Expedition Adventure 2,14,39,12.5,10,Low
School Stories,50,114,27.9,11,Low
Classic Saga,5,7,4.7,15,Low
Journey Stories: Resurrection,126,239,69.3,10,Low
Assortment Tales,37,46,32.7,10,Low
Solve Saga,36,62,29.1,10,Low
Launch Journey,136,216,83.6,10,Low
Mouse Finish,372,1052,120,12,Low
Rat Force,92,215,54.2,10,Low
War Odyssey,23,58,16.6,10,Low
Championship Epic,2,4,0.9,11,Low
Wolf Speed 5,213,585,120,10,Low
Gate Tales,833,1410,120,10,Mid
Quest Stories 2,379,581,120,12,Low
Target Epic 2,198,371,120,10,Low
Hotel Tales,9,26,7.8,16,Low
Arena Saga,44,88,26.6,15,Low
Owl Fighter,200,484,120,10,Low
Clash Adventure,58,130,47.8,10,Low
Master Chronicles,58,135,37.6,10,Low
Shark Fight 5,49,128,32.6,10,Low
Rabbit Collection,129,175,88.3,10,Low
Defense Stories,7,20,4.8,13,Low
Tournament Stories,202,595,108.5,18,Low
Arcade Stories,2,4,1.5,21,Low
Alien Force,8,14,8.8,10,Low
Crow Lap: Revolution,83,161,55.1,12,Low
Pure Legends,13,19,16.9,10,Low
Logic Saga,11,17,15.6,13,Low
Arcade Legends,29,47,24.6,10,Low
Retro Odyssey,25,57,24.5,10,Low
Kingdom Tales,310,427,120,10,Low
Elite Chronicles,324,442,120,11,Low
Warrior Attack,13,36,4.2,10,Low
Mix Stories,6,16,2.5,10,Low
Strategy Chronicles 4,390,1090,120,15,Low
Launch Epic,378,1086,120,16,Low
Combat Tales,31,81,24.5,11,Low
Combat Adventure,41,117,35.5,10,Low
Turbo Jump,82,134,20.0,17,Low
Circuit Adventure,300,756,120,10,Low
Bounce Quest,237,496,120,10,Low
Rage Legends 2,28,75,17.0,11,Low
Think Adventure: Revolution,63,169,44.2,17,Low
Voyage Stories,50,125,42.9,11,Low
Odyssey Journey,7,9,5.1,10,Low
Rabbit Ring,36,68,39.3,23,Low
Lion Game,13,32,13.9,12,Low
Tiger Pixel,5,11,4.0,12,Low
Sim Journey,15,34,14.3,17,Low
Pack Tales,21,50,7.4,11,Low
Wolf Conflict,71,101,50.4,10,Low
Variety Journey,71,101,56.3,10,Low
Ultimate Dimension: Revelation,70,92,45.2,12,Low
Trigger Quest 3,838,2179,120,21,Mid
Mix Adventure,66,124,48.3,11,Low
Brawl Epic 4,75,149,84.3,16,Low
Champion Stories,33,57,31.4,10,Low
Life Odyssey,8,13,6.5,10,Low
Trigger Adventure,95,220,87.8,10,Low
Turbo Duel,149,412,120,11,Low
Elite Voyage 2,76,205,39.5,14,Low
World Tales: Revelation,7582,18738,120,159,High
Bounce Quest,46,96,25.9,10,Low
Max Trophy,34,55,9.1,10,Low
Tactics Odyssey 5,9,13,4.8,14,Low
Dragon Leap,122,267,120,16,Low
Cup Stories 5,2,3,2.2,10,Low
Spider Battle,2,3,1.1,10,Low
Dash Chronicles,243,602,120,19,Low
Nitro Chronicles,20,30,18.4,10,Low
Fun Tales,115,242,98.5,10,Low
Hyper Challenge,57,83,60.7,10,Low
Fire Legends,770,1894,120,10,Mid
Gate Chronicles 4,109,224,120,17,Low
League Tales,131,243,65.1,10,Low
Tiger Leap,51,82,35.7,10,Low
Warrior Command: Revelation,2,4,1.4,10,Low
Ultimate Target: Rising,50,94,37.0,11,Low
Match Epic 2,223,432,102.5,12,Low
Leap Quest,181,329,48.9,15,Low
Hotel Adventure,29,65,35.5,10,Low
Force Stories,778,1462,120,10,Mid
Tournament Legends,200,419,120,10,Low
Puzzle Chronicles: Return,43,63,16.4,10,Low
Phoenix Circuit,1,2,1.4,10,Low
Think Legends: Revival,80,123,61.1,10,Low
Scope Chronicles: Revelation,403,1163,102.3,11,Low
Knight Warrior,73,171,48.0,10,Low
Super Journey: Rising,315,942,120,16,Low
Elite Bridge,88,145,75.3,10,Low
World Chronicles,53,142,32.1,10,Low
Super Hotel,6,14,3.9,10,Low
Mage Battle,17,47,8.3,10,Low
Scorpion Conquest,31,77,27.1,10,Low
Dash Epic,74,106,70.8,10,Low
Blast Odyssey,758,1562,120,16,Mid
War Epic,19,47,8.7,10,Low
Puzzle Stories,2,5,1.3,10,Low
Pack Chronicles,4,10,2.9,10,Low
City Odyssey 4,24,54,18.5,10,Low
Robot Gate,49,140,26.3,11,Low
Universe Stories: Rebirth,22,29,21.8,13,Low
Pixel Stories,17,46,12.9,11,Low
Realm Journey: Redemption,43,93,53.1,10,Low
Season Adventure,830,2140,120,22,Mid
Classic Stories,28,63,18.7,10,Low
Battle Epic,53,90,22.3,14,Low
Assortment Odyssey,159,208,13.1,13,Low
Robot Conquest 5,33,56,39.9,17,Low
Tactics Chronicles: Revelation,44,121,41.9,17,Low
Lord Finish 4,275,808,120,13,Low
Mystery Saga 5,40,50,24.8,14,Low
Fox Bundle,1,2,1.0,10,Low
Mouse Kingdom,490,980,120,18,Low
Rage Quest,91,233,73.5,12,Low
Combat Saga,321,801,120,13,Low
Games Stories,35,76,27.6,10,Low
Puzzle Odyssey 5,148,379,80.7,10,Low
City Legends: Awakening,107,172,85.7,10,Low
Finish Stories,38,88,51.6,11,Low
Simple Odyssey,39,95,27.9,10,Low
Mix Chronicles,444,1291,120,10,Low
Legends Odyssey,91,161,92.1,10,Low
Think Chronicles 2,56,124,66.7,10,Low
Tournament Odyssey,44,69,29.7,19,Low
Arena Epic 4,62,92,32.5,10,Low
Siege Stories: Rebirth,69,177,49.2,13,Low
Rabbit Duel 3,75,91,70.6,10,Low
Arcade Legends,3,5,3.2,13,Low
Journey Chronicles: Redemption,70,117,79.6,10,Low
Spring Adventure,56,121,45.5,10,Low
Hawk Realm 2,84,137,81.9,15,Low
Phoenix Universe,147,325,120,14,Low
Odyssey Saga,7,9,3.5,10,Low
Quest Chronicles,4,5,2.9,10,Low
Lion Fury 3,625,816,120,10,Mid
Tiger Farm,59,90,74.6,10,Low
Finish Journey,81,152,92.7,11,Low
Empire Chronicles,111,225,40.9,10,Low
Victory Stories,553,1052,120,16,Mid
Battle Odyssey,173,280,120,10,Low
Combat Legends,16,23,14.3,10,Low
Kingdom Legends,583,738,120,10,Mid
Kingdom Epic,627,1463,120,10,Mid
Shot Journey,428,853,120,10,Low
Clash Journey 3,198,281,120,17,Low
Turbo Adventure: Awakening,19,23,11.8,10,Low
Simple Chronicles: Revenge,12,35,8.1,10,Low
Snake Cup: Revenge,325,662,120,10,Low
Rage Stories,405,747,0,12,Low
King Retro,22,61,22.6,12,Low
Robot Power,8660,22115,120,147,High
Fight Quest,63,138,45.3,10,Low
Victory Epic,536,1351,120,11,Mid
Assortment Chronicles,479,1242,120,10,Low
Ring Saga 4,65,190,38.8,10,Low
Spring Tales,154,371,120,10,Low
Nitro Journey,3,4,1.7,12,Low
Weapon Stories 2,2553,5886,120,64,Mid
Arena Epic 5,77,195,62.9,13,Low
Dog Conquest: Resurrection,15,31,12.5,10,Low
Fun Saga 5,41,118,33.4,10,Low
Champion Stories,339,849,120,20,Low
Hero Games 5,12,31,7.3,10,Low
Dash Epic,305,477,120,10,Low
Enigma Odyssey,38,100,29.2,10,Low
Fight Tales,17,26,10.9,10,Low
Wizard Quest 3,365,729,120,12,Low
Mini Epic,3638,6715,120,75,Mid
Run Journey,41,94,25.7,10,Low
Battle Odyssey,53,118,27.4,10,Low
Riddle Legends,4,11,3.2,10,Low
Master Resort,63,164,36.3,12,Low
Bat Target,115,235,102.1,10,Low
Arcade Saga,48,83,26.0,10,Low
Clash Tales,60,102,82.9,11,Low
Turbo Saga 5,175,353,120,16,Low
Enigma Adventure 4,8,22,7.0,10,Low
Arena Stories,80,219,66.9,10,Low
Trophy Chronicles,376,516,120,10,Low
Bat Circuit,96,256,106.7,10,Low
Dog Arena,53,99,36.1,10,Low
Party Saga,86,113,55.6,16,Low
Final Tales 5,179,281,120,10,Low
Think Saga,17,31,15.9,14,Low
The Racing,42,88,28.6,10,Low
The Turbo,852,2342,120,21,Mid
Battle Stories,16,33,9.1,10,Low
Park Quest,35,100,14.1,10,Low
Tactics Legends 4,0,0,0,13,Low
Warrior Mini,44,91,28.8,10,Low
Dash Odyssey,115,253,91.2,15,Low
Siege Chronicles,33,47,21.4,10,Low
Solve Saga: Revival,0,0,0,10,Low
Pure Saga,64,133,76.6,10,Low
Mini Journey 2,48,68,41.3,19,Low
Fight Tales,44,97,34.4,10,Low
Logic Adventure,40,67,40.6,19,Low
Sim Quest,36,51,23.9,10,Low
Dragon Mystery,20,36,18.2,10,Low
Games Quest 2,94,273,91.8,11,Low
Bundle Saga: Redemption,12,31,9.5,10,Low
City Chronicles,11,23,7.2,14,Low
Eagle Park,88,165,116.2,14,Low
Eagle Portal,114,293,109.1,12,Low
Cup Chronicles,131,364,84.7,13,Low
War Journey: Resurrection,13,31,7.8,10,Low
Lion Puzzle,22,39,11.5,10,Low
Mystery Chronicles,10,13,10.0,10,Low
Think Chronicles,16,44,5.5,10,Low
Explorer Legends 2,3030,5393,120,74,Mid
Discovery Adventure,23,53,20.3,16,Low
Master Games,83,229,90.1,10,Low
Boost Stories,135,358,120,18,Low
Farm Epic: Awakening,95,177,65.9,11,Low
The Fire,1368,2546,120,22,Mid
Combat Adventure,1006,2924,120,10,Mid
Champion Stories 3,825,2174,120,10,Mid
Track Stories,51,148,45.0,10,Low
Strike Journey 3,3190,8098,120,104,Mid
Raven Mind 4,196,310,120,13,Low
Siege Legends,10,25,6.8,14,Low
Vintage Journey,31,49,26.3,17,Low
Rabbit Gun,152,265,84.5,10,Low
Master Arcade 2,22,52,18.6,10,Low
Match Epic,166,470,76.3,13,Low
Crow Ring,43,79,32.5,15,Low
Discovery Odyssey,170,357,83.9,16,Low
Final Epic,335,922,120,10,Low
Finish Legends 3,54,138,26.5,10,Low
Park Quest,46,96,29.1,10,Low
Snake Tournament,54,80,31.8,10,Low
Bullet Quest,15,34,15.3,12,Low
Boost Tales,52,69,34.4,10,Low
Conflict Epic,118,267,56.6,10,Low
Owl Portal 4,552,815,120,10,Mid
Conquest Epic 5,47,85,22.6,16,Low
Robot Command,59,165,48.2,10,Low
Fight Quest,56,160,51.7,10,Low
Gun Chronicles,952,1769,120,31,Mid
Prince War,14,17,9.8,10,Low
Resort Stories,110,153,120,10,Low
Hawk Solve,2,3,1.5,10,Low
Pixel Saga 3,18,47,19.0,10,Low
Scorpion Championship: Revelation,14,27,5.7,12,Low
Season Odyssey: Revelation,7,9,4.8,11,Low
Pure Chronicles,24,35,26.2,10,Low
Solve Legends,11,27,14.1,10,Low
Strategy Saga,12,19,6.5,11,Low
Empire Legends 3,254,525,120,11,Low
Clash Adventure,49,142,37.7,10,Low
Siege Chronicles,130,337,103.0,10,Low
Wolf Sim,30,61,24.8,10,Low
Knight Battle,89,188,71.3,13,Low
City Legends,6,14,4.0,12,Low
Blast Epic,646,1591,120,10,Mid
Tournament Journey,18,34,3.5,18,Low
Finish Legends,79,97,47.6,14,Low
Restaurant Saga,34,72,35.6,10,Low
Lord Legends,24,39,19.6,20,Low
Warrior Warrior 5,312,611,120,21,Low
Combat Tales,742,1667,120,13,Mid
Wolf Odyssey 4,48,90,32.6,13,Low
Resort Legends: Revolution,167,429,120,10,Low
Challenge Epic,51,66,26.1,10,Low
Mind Tales,76,149,60.8,13,Low
Crow Speed,28,78,31.0,10,Low
Super Track 5,9,15,6.0,13,Low
Dimension Legends,365,537,120,10,Low
Strategy Odyssey,0,0,0,10,Low
Portal Journey,177,366,37.5,10,Low
Dimension Chronicles,405,619,120,10,Low
Expedition Legends,41,88,21.7,10,Low
Zoo Adventure: Revelation,17,32,18.4,10,Low
Trigger Odyssey,490,750,120,10,Low
Speed Chronicles,202,336,120,10,Low
Storm Odyssey,385,967,120,12,Low
Variety Journey,168,211,120,10,Low
Bear Game,59,107,37.9,10,Low
Spring Adventure: Rising,305,371,120,10,Low
Prince Explorer,45,105,28.3,10,Low
Tournament Journey,300,526,120,10,Low
Speed Odyssey,315,448,120,10,Low
Rage Chronicles,402,967,120,12,Low
Dash Tales,0,0,0,10,Low
Rage Adventure,204,334,120,10,Low
Discovery Odyssey 2,219,462,120,10,Low
Spider Circuit,73,184,71.4,10,Low
Hero Champion,153,221,120,21,Low
Champion Stories,5,8,3.9,10,Low
Bat Farm,4,7,4.3,10,Low
Wizard Bridge,30,44,20.1,19,Low
Nitro Adventure,282,711,120,10,Low
Storm Epic,93,268,103.6,11,Low
Racing Saga,11,26,7.8,12,Low
Battle Journey 5,30,76,23.1,10,Low
Pro Combat,180,230,120,10,Low
Weapon Saga 3,366,590,120,10,Low
Retro Quest 3,11,27,9.5,10,Low
Blast Tales,17,47,12.3,10,Low
Bear Logic 3,53,96,46.8,11,Low
Vintage Chronicles,4,6,3.5,12,Low
Portal Epic,245,319,120,10,Low
Dragon Sim,16,20,10.2,13,Low
Life Legends: Revenge,69,184,56.2,14,Low
Pirate Restaurant 3,39,102,31.5,16,Low
Enigma Quest 5,17,32,20.4,10,Low
Dog War: Return,25,46,18.0,10,Low
Bullet Epic,523,1021,120,13,Mid
Clash Stories,19,26,12.6,13,Low
Conflict Tales,9,11,8.2,10,Low
King Ring,54,86,33.5,11,Low
Monster Storm,74,169,29.1,12,Low
Victory Odyssey,110,231,94.9,10,Low
Hero Party,11,29,5.6,10,Low
Lion Empire,39,50,33.1,10,Low
Odyssey Tales,1,2,0.3,10,Low
Legends Adventure,44,121,28.1,10,Low
Journey Epic,163,294,120,10,Low
School Epic,63,90,67.4,10,Low
Prince Bullet: Redemption,125,282,76.6,15,Low
Hamster Trophy,93,128,95.1,10,Low
Collection Legends,154,394,120,10,Low
Collection Epic,581,701,120,10,Mid
Combat Odyssey: Awakening,26,36,12.2,10,Low
Track Saga,171,332,120,22,Low
Hotel Adventure,91,142,20.1,10,Low
Zoo Saga 3,8,11,7.1,10,Low
Warrior Mind 5,20,55,22.0,10,Low
Pure Journey,22,38,17.3,10,Low
Lord Fun 2,20,56,23.5,14,Low
Resort Journey,39,67,34.7,10,Low
Monster Lap,190,408,120,10,Low
Logic Quest,34,45,29.8,12,Low
Bullet Quest: Revelation,198,451,120,13,Low
Knight Racing: Rising,48,82,52.7,10,Low
Knight Cup,227,585,103.0,10,Low
Aim Adventure,566,1014,120,21,Mid
Logic Epic,6,13,5.3,12,Low
Tiger Farm,30,83,25.2,15,Low
Storm Adventure 5,84,165,57.8,15,Low
Drive Stories 2,120,293,85.6,10,Low
Scope Tales: Revival,31,42,28.3,10,Low
Champion Quest,375,521,120,11,Low
Alien Circuit,5,6,4.3,10,Low
Adventure Chronicles,557,784,120,17,Mid
Duel Journey,22,49,10.9,10,Low
Gate Tales,122,147,120,11,Low
Trophy Stories 3,1011,2429,120,12,Mid
Command Stories,15,34,6.9,10,Low
Monster Conflict,26,61,30.0,13,Low
Storm Legends,79,177,78.2,13,Low
Battle Saga,39,89,29.0,11,Low
Gate Epic,27,40,11.7,10,Low
Combat Odyssey: Revolution,24,42,17.7,12,Low
Vintage Quest: Redemption,44,53,43.7,18,Low
Final Quest: Revival,116,327,61.6,10,Low
Boost Saga,286,565,120,11,Low
Tiger Tournament,110,215,79.2,10,Low
Park Journey,44,65,50.1,10,Low
Kingdom Adventure 4,65,90,68.1,14,Low
Robot Tournament: Revival,76,167,90.9,16,Low
Eagle Weapon,939,2448,120,10,Mid
Brawl Quest,15,40,9.6,10,Low
Shot Adventure,1145,2635,120,35,Mid
Strike Odyssey,83,109,41.8,10,Low
Finish Journey,2843,4113,120,100,Mid
Pack Epic 3,10,26,8.1,10,Low
Solve Quest,69,184,64.4,11,Low
Bat Lap 5,50,84,70.1,18,Low
Rage Quest,91,257,64.7,21,Low
Brawl Chronicles,109,308,78.6,10,Low
Dog Restaurant,64,123,42.8,12,Low
Quest Journey 4,97,218,88.9,10,Low
Velocity Saga 5,144,284,120,14,Low
Champion Adventure,537,726,120,10,Mid
Super Path,1014,2215,120,40,Mid
Fight Tales,6,10,5.7,10,Low
Ring Tales,59,128,63.1,13,Low
Pirate Champion 5,401,1098,120,10,Low
Rabbit Fire: Return,182,344,45.7,10,Low
War Odyssey,5,7,3.1,10,Low
Run Quest,131,194,109.2,10,Low
Champion Odyssey,12,22,5.5,10,Low
Riddle Legends 5,56,73,39.4,13,Low
Mind Epic,6,9,4.9,10,Low
Trigger Epic,311,558,120,10,Low
Rush Stories,17,49,13.4,10,Low
Lord Fury,187,314,120,10,Low
Mind Chronicles 2,35,89,6.9,10,Low
Bat Attack,0,0,0,10,Low
Blast Quest,393,532,120,12,Low
Rage Saga: Awakening,134,323,115.8,10,Low
Tactics Odyssey,2,3,1.2,14,Low
Brawl Journey,25,51,20.1,10,Low
Strategy Odyssey 3,36,62,36.4,10,Low
Warrior Saga,834,1485,120,10,Mid
Spring Journey,0,0,0,10,Low
Warrior Strategy 3,45,122,53.5,10,Low
Lion Cup,200,533,120,12,Low
Combat Tales,20,53,15.9,11,Low
Empire Stories,313,466,120,10,Low
The Collection,16,45,15.2,10,Low
Indie Chronicles,0,0,0,15,Low
Gun Epic,56,92,34.5,18,Low
Owl Boost 2,19,39,22.1,10,Low
Match Adventure,39,97,23.1,11,Low
Attack Legends,32,42,34.8,10,Low
Legend Conquest,2,5,2.1,11,Low
Kingdom Epic,31,69,20.4,10,Low
Park Odyssey,50,136,19.0,10,Low
Scorpion Clash,19,32,19.8,20,Low
Cat Resort 4,9,19,6.3,13,Low
Dash Journey,201,467,101.8,11,Low
Indie Quest,40,77,24.4,15,Low
Universe Quest 3,476,942,120,10,Low
Indie Saga,0,0,0,12,Low
Realm Stories 2,58,170,45.8,10,Low
Command Adventure,51,110,45.2,10,Low
Shark Ring,122,320,78.4,10,Low
Indie Epic 4,40,81,33.2,14,Low
Gun Journey 4,1115,3319,120,30,Mid
Bat Classic: Awakening,2,5,1.2,10,Low
Duel Epic,335,691,120,11,Low
Voyage Saga,106,246,76.2,13,Low
Conquest Tales,11,14,10.5,10,Low
Fire Odyssey,205,315,120,10,Low
Duel Chronicles,5,9,3.2,10,Low
Adventure Tales,32,85,47.5,17,Low
Match Epic,67,98,61.6,13,Low
Rage Journey 5,463,706,120,10,Low
Dog Season 3,947,2652,120,17,Mid
Conflict Journey,3,4,2.2,10,Low
Mini Odyssey,23,28,24.0,15,Low
Target Chronicles,1456,2289,120,44,Mid
Hawk Voyage,393,825,120,10,Low
Assortment Stories 3,33,43,18.6,10,Low
Squirrel Challenge,5,8,4.1,10,Low
City Quest: Revelation,31,53,30.2,10,Low
Chronicles Epic,568,1522,120,10,Mid
Rush Journey: Awakening,19,45,22.4,10,Low
Conquest Chronicles: Redemption,215,511,120,10,Low
Rabbit Tournament,97,288,69.6,10,Low
Dragon Champion,358,986,120,12,Low
The Brawl: Revival,203,276,120,12,Low
Dragon Fury 5,130,228,76.2,10,Low
Racing Adventure 2,58,123,46.2,10,Low
Legends Saga,20,55,19.0,10,Low
The Retro,10,16,8.6,11,Low
Wizard Aim,269,485,120,10,Low
Portal Adventure,14,40,8.4,10,Low
Run Legends: Return,1,2,0.9,10,Low
Life Odyssey,2,3,2.7,20,Low
Phoenix Scope,9,15,3.3,16,Low
Storm Chronicles,171,215,120,10,Low
Robot Ring 3,21,29,20.5,10,Low
School Quest,10,27,3.4,10,Low
Bridge Saga,295,808,120,10,Low
Gate Legends,19,23,14.9,10,Low
Owl Lap: Revenge,59,116,60.1,14,Low
Robot Universe,84,152,60.9,13,Low
Discovery Tales,193,469,91.7,15,Low
Ninja City,3,5,3.1,10,Low
Hotel Saga 3,66,181,67.3,10,Low
Prince Aim 3,545,1325,120,10,Mid
Mix Journey 2,91,267,79.9,10,Low
Lion Speed,37,75,30.8,10,Low
Hamster Assortment,77,169,42.6,10,Low
Dog Park 5,21,35,27.0,10,Low
Strategy Chronicles 3,19,50,10.4,10,Low
Power Legends,2936,8573,120,10,Mid
Velocity Journey,96,169,116.4,10,Low
Path Saga 3,1114,3043,120,43,Mid
Gate Legends,52,78,42.8,12,Low
Rage Journey,187,275,120,12,Low
Mix Adventure,78,137,39.4,10,Low
Fox Track 4,96,188,70.4,10,Low
Hero City,48,130,28.8,24,Low
Super Fire 3,85,214,48.6,10,Low
Kingdom Quest,7,14,5.4,14,Low
Game Legends: Revenge,530,1359,120,10,Mid
Phoenix Gate,146,269,118.6,18,Low
Max Finish,11,17,14.9,17,Low
Fight Stories,4,11,2.1,10,Low
Combat Saga,44,122,18.0,17,Low
Pure Tales,56,141,35.9,15,Low
Nitro Journey,57,170,72.7,15,Low
Knight Portal,114,163,115.3,10,Low
Super Pure,9,22,5.9,10,Low
Game Stories,576,1234,120,10,Mid
Fighter Stories,425,1180,120,10,Low
Universe Saga,362,862,120,10,Low
Riddle Quest,21,28,18.6,10,Low
Rabbit Simple,7,12,4.2,10,Low
Mega Drive: Redemption,97,172,68.1,12,Low
Sim Stories: Rebirth,26,42,19.6,10,Low
Monster Enigma 4,23,65,15.7,11,Low
Dog Kingdom,108,156,80.1,15,Low
Fun Journey,98,138,90.8,15,Low
Season Tales 2,171,380,120,11,Low
Ninja Brawl,36,80,17.9,10,Low
Challenge Stories,1,2,0.8,18,Low
Monster Warrior 3,550,1330,120,13,Mid
Voyage Legends 4,111,168,75.3,10,Low
Raven Rage 4,277,753,120,12,Low
Circuit Tales,21,54,20.6,10,Low
Lord Sim 3,104,158,45.8,10,Low
Turbo Bridge 3,2,3,1.8,13,Low
Hotel Quest 4,11,27,12.6,11,Low
Track Tales 4,168,435,55.8,10,Low
Lap Legends,7,12,5.1,10,Low
Mini Adventure 2,67,98,75.3,17,Low
Journey Odyssey,107,266,115.3,10,Low
Speed Legends 2,3,4,3.3,12,Low
Fox Trigger,215,280,120,20,Low
Voyage Journey: Return,200,381,97.6,11,Low
Pixel Stories,4,6,3.4,14,Low
League Adventure,63,156,35.7,11,Low
Raven City,3,6,2.9,10,Low
Velocity Quest 2,92,240,94.0,11,Low
Bear Fun 5,45,84,45.1,10,Low
Launch Saga: Revolution,241,583,101.2,13,Low
Warrior Tales: Awakening,518,1400,120,21,Mid
Spider Rage 5,1147,1916,120,18,Mid
Tactics Chronicles,56,79,56.6,15,Low
Crow Final 3,3,4,2.3,14,Low
Owl Cup 5,148,195,111.8,12,Low
Life Journey,23,37,16.8,18,Low
Tactics Adventure,175,304,120,10,Low
Sim Journey,21,35,22.2,10,Low
Circuit Stories,21,53,15.2,17,Low
Combat Adventure 5,51,101,27.6,10,Low
World Epic,4,6,3.7,13,Low
Mega Adventure 4,267,624,120,18,Low
King Bundle,3,5,2.5,10,Low
Fire Odyssey,1261,2142,120,21,Mid
Portal Stories,150,241,114.6,19,Low
Sim Legends 5,7,11,7.0,10,Low
Final Epic,34,100,35.5,10,Low
Final Legends 4,406,1039,120,10,Low
Empire Adventure 2,312,513,120,10,Low
World Saga,85,239,80.2,10,Low
Combat Stories,352,540,120,10,Low
Mage Path,113,145,100.2,13,Low
World Legends,47,64,49.8,10,Low
Warrior Duel,114,190,110.9,10,Low
Hero Leap 3,232,382,120,10,Low
Blast Chronicles,374,543,120,10,Low
Elite Warrior,73,155,70.9,10,Low
Duel Journey,2,4,1.5,13,Low
War Tales,29,55,23.3,11,Low
Discovery Odyssey 3,84,115,60.4,15,Low
Brain Stories 4,58,135,26.7,10,Low
Enigma Legends,15,18,8.9,10,Low
Duel Epic,41,90,7.9,10,Low
Trigger Tales 2,31,38,21.9,11,Low
Vintage Quest,2,5,1.7,10,Low
King Trigger,537,1018,120,10,Mid
Strategy Stories 2,18,25,13.2,10,Low
Weapon Epic: Resurrection,1911,4473,120,39,Mid
Sim Odyssey,0,0,0,16,Low
Weapon Adventure,453,584,120,10,Low
Tiger Track,19,55,18.5,11,Low
Rabbit Victory,454,1160,120,14,Low
War Quest 2,0,0,0,10,Low
Dog Portal 3,175,334,120,10,Low
Hotel Stories,4,5,4.1,15,Low
Turbo Bullet 2,161,218,120,13,Low
Gun Legends: Revival,99,177,42.3,10,Low
Brain Saga,57,109,62.6,10,Low
Snake Portal,138,269,82.0,13,Low
Power Chronicles,28,36,22.5,10,Low
Max Siege,38,102,28.4,10,Low
Champion Adventure,10,18,9.3,10,Low
Portal Journey,459,1320,120,13,Low
Sim Adventure,37,58,45.5,10,Low
Voyage Odyssey 5,64,91,67.0,10,Low
Pirate Speed,36,93,33.3,10,Low
Path Stories,2047,5013,120,66,Mid
Zoo Legends,36,92,40.4,10,Low
Brain Chronicles 5,5,6,3.2,12,Low
Pirate Pure,20,38,17.0,13,Low
Weapon Adventure 5,3836,9070,120,170,Mid
Rabbit Expedition,140,273,120,13,Low
Robot Vintage 4,79,97,36.2,11,Low
School Legends,16,24,10.0,12,Low
Think Saga,21,44,19.8,12,Low
Phoenix Storm,150,205,108.4,10,Low
Battle Adventure,43,117,24.7,13,Low
Championship Tales,55,152,63.5,13,Low
Resort Odyssey 5,15,22,16.7,10,Low
Logic Stories,19,23,9.1,10,Low
Games Stories,169,345,120,13,Low
Fox Kingdom,715,2142,120,22,Mid
Wolf World,11,22,10.0,10,Low
Trophy Adventure: Revolution,764,1870,120,23,Mid
Turbo Match,32,63,18.0,11,Low
Tournament Legends,1255,2603,120,30,Mid
Fox Command: Redemption,11,25,11.6,18,Low
Lap Saga,194,312,67.1,12,Low
Blast Odyssey,272,662,120,10,Low
Super Journey,425,669,120,10,Low
Sim Adventure,34,51,24.5,10,Low
Pirate Expedition,207,389,120,10,Low
Force Stories,279,397,120,10,Low
Collection Epic: Revolution,55,144,46.3,10,Low
Vintage Epic 5,56,134,59.5,10,Low
Cup Adventure,525,968,120,12,Mid
Logic Chronicles: Revelation,120,285,85.7,10,Low
Duel Legends,22,39,11.0,10,Low
Combat Tales,402,504,120,10,Low
Explorer Odyssey: Rising,119,185,98.0,15,Low
Bundle Chronicles 5,145,187,111.9,16,Low
Leap Legends,42,102,26.6,10,Low
Storm Stories 2,258,504,120,10,Low
Ring Quest,31,53,17.0,10,Low
Master Games,166,217,100.8,10,Low
Elite Battle: Rising,26,59,6.4,10,Low
Cat Defense 2,0,0,0,17,Low
Vintage Saga,28,44,13.7,10,Low
Indie Chronicles 4,71,146,61.8,12,Low
Finish Epic 4,110,144,59.7,15,Low
Think Journey,23,38,18.4,13,Low
Mouse Gun,129,304,112.0,10,Low
Mystery Legends,4,10,2.8,14,Low
Adventure Stories,77,189,46.9,10,Low
Bear Vintage 4,26,43,15.6,10,Low
Speed Chronicles,29,39,18.8,10,Low
Think Saga 5,39,100,31.0,10,Low
Power Saga,262,613,120,10,Low
Gun Saga 3,494,761,120,11,Low
Jump Adventure,15,36,12.5,11,Low
School Epic,8,10,1.8,10,Low
Nitro Stories,95,212,71.6,10,Low
Monster Scope,455,557,120,10,Low
Launch Epic: Rising,177,315,120,26,Low
Legends Saga,185,408,103.5,17,Low
Raven Retro 4,9,23,6.2,11,Low
Hawk Track,0,0,0,10,Low
Super Drive 3,662,1067,120,10,Mid
Trigger Epic,389,490,120,10,Low
Shark Rage 4,200,332,113.2,14,Low
Alien Trophy,106,231,87.5,13,Low
Rabbit Aim,285,599,120,12,Low
Assortment Stories,28,60,13.8,10,Low
Pixel Epic,19,38,20.2,10,Low
Gate Stories 4,15,36,5.0,10,Low
Mouse Bridge,156,363,100.8,10,Low
Lord Dimension,33,54,15.4,10,Low
World Journey,395,861,120,10,Low
Scorpion Game,162,455,120,10,Low
Think Quest,45,61,31.7,13,Low
Wolf Pixel,32,85,46.6,13,Low
Attack Epic,1,2,0.7,10,Low
Shot Stories 5,193,328,120,11,Low
Zoo Chronicles,31,50,28.0,13,Low
Zoo Saga,10,24,6.8,11,Low
Cup Tales,182,350,120,12,Low
Kingdom Odyssey,91,202,36.7,12,Low
Mix Adventure,71,154,35.8,14,Low
Prince Rage,1262,2135,120,25,Mid
Dog Trigger,163,234,120,10,Low
Knight World,4,11,2.4,10,Low
Collection Adventure,69,179,35.8,10,Low
Chronicles Chronicles: Revelation,170,438,120,10,Low
Leap Journey,12,27,18.6,10,Low
Mind Legends,112,145,75.3,18,Low
Monster Arcade,4,7,3.5,10,Low
Restaurant Chronicles,84,111,48.2,10,Low
Alien Rage 5,213,528,120,18,Low
Jump Quest,155,367,66.7,10,Low
Super Classic,62,130,45.6,10,Low
Legend Turbo,24,65,8.4,10,Low
Simple Saga,81,215,90.4,10,Low
Expedition Adventure,52,74,1.4,14,Low
Bridge Chronicles: Return,416,928,120,13,Low
Scope Chronicles,493,695,120,13,Low
Season Stories,89,266,65.1,14,Low
Life Stories,57,121,57.2,10,Low
Championship Stories 4,25,45,16.7,10,Low
League Epic,68,142,46.5,10,Low
Voyage Quest,232,428,120,13,Low
Finish Quest,38,46,42.7,10,Low
Combat Epic,145,344,116.4,10,Low
Prince Fun,101,152,79.0,13,Low
Riddle Odyssey,553,984,120,10,Mid
Racing Epic 2,90,141,102.7,10,Low
Lion Fun,35,45,24.0,11,Low
Launch Epic,3,8,3.1,10,Low
Turbo Chronicles 3,188,349,114.8,13,Low
Restaurant Stories,74,201,76.7,12,Low
Fight Saga,22,47,12.9,10,Low
Turbo Combat,342,888,120,10,Low
League Chronicles,57,123,3.8,23,Low
Command Adventure,49,70,36.8,22,Low
Empire Journey,23,65,18.7,14,Low
Elite Attack: Return,795,2251,120,11,Mid
Shot Adventure,334,763,120,10,Low
Legend Explorer,305,423,120,10,Low
Arena Quest,55,148,56.8,13,Low
Elite Speed,63,166,55.9,15,Low
Fun Journey,209,580,120,12,Low
Monster Pixel 5,22,27,22.8,10,Low
Hyper Siege: Revenge,15,42,14.5,10,Low
Circuit Epic,156,461,120,13,Low
Strategy Saga 3,14,40,6.6,12,Low
Turbo Blast,903,1899,120,13,Mid
Bullet Odyssey,179,249,114.9,10,Low
Rage Saga,185,257,120,13,Low
Vintage Quest,39,94,29.1,16,Low
Lord Game: Revival,138,321,120,11,Low
Sim Legends 4,48,87,42.4,10,Low
Finish Epic,239,424,120,10,Low
Brain Saga 4,31,55,26.0,10,Low
Journey Journey,52,155,33.1,10,Low
Empire Chronicles,156,259,120,13,Low
Legend Tournament,36,107,25.0,10,Low
Alien Nitro 2,12,33,5.6,10,Low
Snake Circuit,29,70,9.7,10,Low
Games Odyssey,1,2,0.6,10,Low
Game Quest,177,218,120,24,Low
Bullet Chronicles,222,549,120,10,Low
Bridge Chronicles,25,67,25.4,11,Low
Brawl Legends,18,26,15.5,10,Low
Bundle Legends 3,150,288,120,10,Low
Bat Expedition,291,586,120,10,Low
Nitro Saga,48,104,25.2,16,Low
Monster Launch,179,292,109.5,10,Low
Farm Stories,39,75,20.2,10,Low
Max Bounce,2889,7066,120,95,Mid
Pirate Classic,18,40,16.5,10,Low
Trophy Journey,171,403,120,14,Low
Shot Journey,22,59,11.1,12,Low
Path Stories 3,287,598,120,11,Low
Mix Adventure,220,627,120,10,Low
Kingdom Quest 5,136,402,113.7,12,Low
Zoo Chronicles: Revenge,2,5,2.2,18,Low
Collection Epic,58,146,50.8,10,Low
Game Epic,519,1332,120,10,Mid
Quest Odyssey,166,201,103.2,10,Low
Hyper Warrior,14,32,13.2,10,Low
Ring Odyssey 5,194,384,120,10,Low
Trophy Odyssey,72,157,31.4,10,Low
Bundle Tales,32,66,22.5,11,Low
Prince Logic: Revival,415,1032,120,13,Low
Path Chronicles 3,174,419,120,10,Low
Arena Legends,23,68,19.5,13,Low
Arena Saga,50,65,51.2,10,Low
Path Quest,219,317,120,10,Low
Kingdom Saga,76,175,50.1,10,Low
Conquest Quest,13,34,12.9,10,Low
Arcade Saga,61,118,32.3,14,Low
Victory Legends,125,282,108.9,14,Low
Tiger Aim,447,996,120,10,Low
Collection Odyssey,172,349,120,12,Low
Arcade Legends 4,28,68,14.4,10,Low
Mind Odyssey 2,55,108,32.7,10,Low
Collection Quest,25,61,22.6,15,Low
Zoo Epic,57,72,54.5,15,Low
Retro Stories,10,18,8.5,17,Low
Variety Stories,96,270,84.4,10,Low
Vintage Saga,70,208,50.3,10,Low
Puzzle Tales,121,199,66.6,10,Low
Snake Strike,1232,2824,120,23,Mid
Lap Journey,88,124,46.0,15,Low
Attack Legends,119,242,73.7,10,Low
Turbo Bundle,82,194,94.1,10,Low
Realm Epic,195,574,120,10,Low
Ninja Adventure 3,329,698,120,10,Low
Zoo Adventure 5,46,125,32.3,17,Low
Universe Tales,250,350,120,10,Low
Lion Realm 5,39,115,43.7,11,Low
Assortment Quest,54,131,46.3,17,Low
Target Saga,352,775,120,10,Low
Match Odyssey,75,99,61.4,10,Low
Realm Odyssey,5,7,2.9,13,Low
Robot Trophy 5,670,1541,120,12,Mid
Clash Saga,187,537,120,18,Low
Dragon Duel,83,225,77.5,10,Low
Mystery Epic,4,5,3.6,20,Low
Indie Adventure 5,29,35,30.1,10,Low
Classic Legends 3,4,7,4.9,19,Low
Park Journey 4,49,110,50.8,10,Low
Owl Attack 5,13,28,4.5,19,Low
Fire Adventure 5,131,303,120,10,Low
Cat Arena,151,239,107.6,10,Low
Solve Adventure,21,53,16.1,14,Low
Tactics Legends,72,140,39.1,16,Low
Mystery Journey,111,178,84.3,10,Low
Ultimate Victory,604,1213,120,13,Mid
Target Legends,333,542,120,11,Low
Lion Universe: Rising,347,654,120,11,Low
Tactics Saga,1,2,0.6,10,Low
Target Legends 2,47,78,48.4,10,Low
Leap Legends,12,35,6.0,10,Low
Old Odyssey,34,41,19.8,17,Low
Monster Shot,366,901,120,10,Low
Leap Legends,926,2750,120,23,Mid
Boost Journey,231,509,120,13,Low
Cup Stories 4,346,940,120,10,Low
Crow League,391,834,120,10,Low
Think Tales,87,118,116.7,12,Low
Empire Stories 3,125,323,104.0,10,Low
Attack Adventure,26,46,23.2,13,Low
Quest Tales,100,129,99.5,10,Low
Crow Storm,963,2754,120,10,Mid
Max Resort 2,30,40,27.5,11,Low
Restaurant Saga,61,133,65.8,10,Low
Solve Stories: Revenge,43,122,34.0,11,Low
Warrior Season,66,113,47.0,13,Low
Storm Odyssey,85,130,26.1,10,Low
Speed Chronicles,17,49,12.6,10,Low
Zoo Chronicles,1,2,0.8,17,Low
Storm Epic: Redemption,673,1068,120,10,Mid
Mini Epic,143,370,120,10,Low
Adventure Legends 2,233,594,120,10,Low
Hyper Enigma,25,59,25.3,13,Low
Bullet Chronicles,1,2,0.7,10,Low
Leap Quest: Return,91,190,49.1,10,Low
Portal Chronicles,17,33,14.9,10,Low
Ring Legends 2,141,228,120,21,Low
Discovery Stories,172,443,120,13,Low
Resort Saga 2,12,15,9.3,10,Low
Rat Logic,6,11,5.2,10,Low
Brawl Adventure,284,807,120,20,Low
Brawl Epic,220,381,120,14,Low
Dragon Shot 2,438,1290,120,10,Low
Fire Journey 2,670,1042,120,10,Mid
Ring Adventure 4,293,784,120,10,Low
Pro Empire 2,78,190,46.0,12,Low
Lion Voyage,6,8,3.1,11,Low
Season Tales,810,1281,120,12,Mid
Life Legends,24,48,22.8,15,Low
Clash Journey,190,272,120,12,Low
World Quest,4,6,2.9,10,Low
Mage Restaurant: Awakening,21,56,21.5,10,Low
Simple Chronicles,11,15,16.5,10,Low
Prince Defense,14,24,13.0,10,Low
Lap Legends,156,407,120,15,Low
Drive Tales,3,7,2.6,10,Low
Old Epic,2,3,1.5,16,Low
Tiger Park,10,15,12.2,10,Low
The Storm 5,588,1188,120,14,Mid
Rush Odyssey 5,2441,3850,120,26,Mid
Circuit Epic,111,275,67.4,11,Low
Elite Collection,75,218,56.6,14,Low
Attack Tales,7,10,4.9,14,Low
Life Stories 5,60,93,58.3,10,Low
Knight Variety,17,25,25.3,18,Low
Circuit Epic 4,85,128,63.4,10,Low
Mega Champion,436,925,120,10,Low
City Adventure,90,154,61.2,10,Low
Conflict Epic,10,16,10.0,10,Low
Drive Epic,4,7,2.8,15,Low
Scorpion Dimension,61,118,77.2,10,Low
Defense Saga,8,11,5.9,10,Low
Victory Saga,296,768,120,19,Low
Collection Saga,63,177,36.9,13,Low
Trophy Odyssey,267,323,104.6,16,Low
Dog Fury,325,654,120,19,Low
Hawk Ring: Return,406,1091,120,11,Low
Fight Adventure,41,106,31.7,17,Low
Boost Chronicles: Rebirth,2,3,1.5,10,Low
Voyage Chronicles,185,304,120,12,Low
Farm Legends 2,210,282,91.1,18,Low
Old Odyssey,39,104,23.3,10,Low
Command Epic,504,678,120,12,Mid
Simple Legends 2,8,20,6.3,16,Low
Zoo Epic 3,12,32,12.8,12,Low
Portal Stories,334,782,120,13,Low
Bounce Quest,47,89,47.7,10,Low
Velocity Quest: Awakening,155,330,120,10,Low
Siege Chronicles,11,22,9.7,10,Low
Fire Saga,42,122,29.2,15,Low
Eagle Brain,24,59,22.7,10,Low
Ultimate World 4,41,90,48.4,15,Low
Conquest Odyssey,6,10,6.6,14,Low
Conflict Quest,20,41,16.7,10,Low
Think Journey,8,22,5.1,10,Low
Pure Chronicles,1,2,0.7,10,Low
Storm Saga,346,893,120,10,Low
Brawl Odyssey,94,129,60.4,10,Low
Tournament Legends 3,208,461,120,10,Low
Legends Chronicles,126,155,120,11,Low
Ultimate Quest 5,445,1004,120,16,Low
Strike Stories,71,192,44.5,17,Low
Aim Journey,87,205,54.8,22,Low
Enigma Journey,74,213,89.7,18,Low
Mystery Adventure,9,23,8.7,10,Low
Rage Saga,54,105,44.1,10,Low
Rat Scope,244,596,120,10,Low
Game Legends 3,105,254,109.6,10,Low
Command Stories,78,116,28.3,10,Low
Bundle Chronicles,22,50,16.8,10,Low
Old Odyssey,12,24,8.7,11,Low
Bear War,23,42,13.8,16,Low
Bundle Adventure,115,282,103.2,13,Low
Command Saga,119,312,66.8,10,Low
Robot Collection: Revelation,6,16,5.7,10,Low
Vintage Legends,30,51,16.2,10,Low
Run Legends 5,83,167,81.8,10,Low
City Odyssey 4,10,24,9.8,10,Low
Lord Combat: Revenge,143,186,96.1,10,Low
Voyage Journey,56,95,45.1,19,Low
Empire Chronicles,239,526,120,10,Low
Conflict Stories,0,0,0,10,Low
Variety Stories,6,17,4.2,10,Low
Challenge Chronicles 3,51,122,27.2,15,Low
Force Journey 2,26,35,25.3,11,Low
Robot Retro,31,76,25.7,10,Low
Conquest Odyssey,0,0,0,10,Low
Power Chronicles: Revelation,97,140,85.8,11,Low
Think Quest 5,42,97,24.0,13,Low
Shot Odyssey,231,590,120,13,Low
Wolf Defense,17,48,13.7,10,Low
Nitro Quest,106,213,50.4,17,Low
Challenge Odyssey,1,2,0.6,13,Low
Mage World,1,2,0.8,16,Low
Aim Stories,175,489,102.5,10,Low
Circuit Chronicles,38,87,28.2,17,Low
Quest Tales,53,86,23.4,10,Low
Trigger Quest,87,241,73.7,14,Low
Tournament Journey 2,277,420,120,13,Low
Old Saga: Revenge,19,27,4.9,15,Low
League Stories,95,123,96.6,15,Low
Challenge Chronicles,5,10,5.5,10,Low
Champion Odyssey,2049,3329,120,45,Mid
Tournament Legends 5,2,4,2.0,15,Low
Run Legends 5,50,117,50.3,10,Low
Knight Simple,5,9,3.9,18,Low
Master Command: Revenge,3,7,1.0,11,Low
Aim Epic,81,181,42.0,12,Low
Final Chronicles: Rebirth,64,165,33.1,15,Low
Elite Journey,99,208,74.3,12,Low
Crow Quest: Return,67,163,69.2,10,Low
Rush Journey,70,138,70.6,10,Low
Path Odyssey,514,1532,120,17,Mid
Life Chronicles 4,132,214,120,20,Low
Blast Adventure,142,177,120,10,Low
The Gate,76,206,92.8,10,Low
Pure Journey,5,13,3.1,10,Low
Attack Saga 5,29,45,8.6,18,Low
Cup Quest,248,362,120,10,Low
Scorpion Final,273,524,120,16,Low
Legend Riddle,2,3,1.9,10,Low
Prince Fighter,104,261,86.7,17,Low
Jump Tales,17,21,6.1,17,Low
Hawk Hotel,29,70,27.5,10,Low
Warrior Challenge,66,137,63.3,10,Low
Conquest Legends,99,163,120,20,Low
Vintage Quest,7,20,4.5,16,Low
Party Epic,0,0,0,10,Low
Pirate Battle,3,4,2.4,10,Low
Lion Dash 5,29,80,24.1,10,Low
Mega Combat 3,56,91,39.1,10,Low
Dash Journey 5,32,69,30.7,13,Low
Combat Stories,59,161,31.6,10,Low
Vintage Odyssey,43,69,29.5,13,Low
Mind Journey,149,262,116.4,10,Low
Dog Bridge 3,354,906,120,11,Low
Dimension Legends,237,512,120,13,Low
World Chronicles,23,51,15.6,12,Low
Warrior Mind,13,37,11.5,10,Low
Warrior Realm,32,91,16.5,14,Low
Track Tales,105,137,80.8,13,Low
Indie Odyssey,453,677,120,11,Low
Blast Tales,469,862,120,10,Low
Battle Stories,6,15,6.1,14,Low
Ninja Fury 5,501,969,120,10,Mid
Launch Adventure,3,5,2.1,10,Low
Pure Saga,5,7,3.8,10,Low
Bundle Journey,2,3,1.6,16,Low
Run Chronicles: Rebirth,70,104,90.2,10,Low
Nitro Saga,193,374,120,10,Low
Tournament Legends,117,143,101.5,13,Low
Bear Quest,411,939,120,10,Low
Warrior Brawl,30,73,18.5,10,Low
Dragon Battle,4,7,2.3,18,Low
Fury Epic,0,0,0,10,Low
Phoenix Clash 4,14,33,6.9,12,Low
Dash Odyssey,144,230,77.0,10,Low
Fire Saga,50,106,53.9,17,Low
Old Odyssey,4,5,2.5,18,Low
Rabbit Final,263,730,120,13,Low
Monster Tactics,25,42,27.5,14,Low
Launch Quest,19,23,16.1,11,Low
Brawl Journey,7,9,8.8,19,Low
Warrior Rage,64,124,31.2,10,Low
Explorer Adventure,34,85,17.0,10,Low
Target Legends: Resurrection,466,700,120,10,Low
Classic Epic,32,40,15.1,10,Low
Trophy Odyssey 2,349,857,120,10,Low
Prince Hotel: Revolution,50,72,64.8,16,Low
Super Brain 2,348,643,120,11,Low
Defense Tales 4,67,121,39.1,10,Low
Challenge Saga 3,40,114,32.9,10,Low
Rat Weapon,335,493,120,10,Low
Mage Discovery,52,142,56.0,10,Low
Tournament Adventure 2,221,352,120,10,Low
Aim Odyssey,121,276,120,11,Low
Phoenix Indie,0,0,0,13,Low
Pro Vintage: Redemption,23,28,26.6,10,Low
Restaurant Tales 4,44,113,32.3,10,Low
Fox Bridge,255,652,120,10,Low
Raven Bridge,4,9,3.4,10,Low
Gun Saga: Revelation,32,39,36.4,10,Low
Brawl Tales 3,113,201,57.7,16,Low
Super Discovery,31,61,21.7,10,Low
Ninja Gate,489,774,120,10,Low
Variety Legends,36,74,16.4,14,Low
Force Quest,34,69,30.0,10,Low
Launch Adventure,98,204,93.9,10,Low
Trophy Journey,178,344,105.6,10,Low
Ultimate Explorer,920,1692,120,14,Mid
Arcade Quest,17,49,13.3,11,Low
Dimension Adventure,15,44,15.0,10,Low
Sim Chronicles,0,0,0,13,Low
Tactics Epic,34,81,19.5,10,Low
Mouse Think: Revelation,26,57,39.6,10,Low
Spring Legends,224,660,120,13,Low
Spring Chronicles,88,112,79.1,13,Low
Samurai Indie,21,26,26.2,10,Low
Samurai Think,36,47,42.4,10,Low
Boost Odyssey 4,666,1016,120,23,Mid
Collection Saga,71,202,100.1,10,Low
Rabbit Season,614,954,120,20,Mid
Scope Odyssey,103,282,81.2,10,Low
Challenge Journey,34,48,14.0,12,Low
Finish Quest,324,798,120,10,Low
Monster Odyssey 3,47,60,52.0,10,Low
Game Legends,79,133,60.9,11,Low
Pirate Classic 2,5,8,5.2,10,Low
Dimension Journey,1055,1861,120,11,Mid
Dragon Arcade 3,6,17,4.7,10,Low
Solve Journey: Rising,82,121,65.5,10,Low
Defense Tales,25,69,20.5,10,Low
Pack Stories,86,138,94.0,10,Low
Drive Saga,92,173,46.2,15,Low
Combat Epic,305,450,120,10,Low
Master Arena: Revival,123,283,114.9,17,Low
Portal Stories,324,706,120,10,Low
Discovery Adventure,155,409,120,10,Low
Crow Leap,150,405,101.3,10,Low
Trigger Adventure 4,33,77,33.5,10,Low
Leap Journey,7,12,7.5,10,Low
Blast Tales,27,34,22.8,16,Low
Mind Saga 2,7,10,3.9,10,Low
Siege Tales,23,61,20.9,10,Low
Blast Stories,480,688,120,10,Low
Master Defense,60,100,24.2,10,Low
Pro Combat,112,318,118.5,12,Low
Ultimate Gun,27,34,18.4,23,Low
Duel Epic,28,72,12.6,10,Low
Assortment Chronicles,107,243,116.0,10,Low
Eagle Gun,230,391,119.7,16,Low
Championship Tales,25,36,32.1,14,Low
Scorpion Party,30,65,28.8,10,Low
Bounce Odyssey 4,4,11,3.5,10,Low
Expedition Epic 4,40,98,58.5,11,Low
Kingdom Adventure 2,83,198,53.9,15,Low
Bullet Stories: Revival,205,533,120,14,Low
War Chronicles,35,86,29.6,13,Low
Retro Epic 4,15,24,8.2,10,Low
Riddle Tales,634,1766,120,14,Mid
Dash Saga 2,11,14,7.3,10,Low
Expedition Epic,58,121,48.4,10,Low
Cat Arcade,23,52,20.1,19,Low
Realm Adventure,44,121,42.9,10,Low
Knight Voyage,44,98,31.9,10,Low
Turbo Tales,101,129,86.0,10,Low
Mystery Epic,39,59,45.7,10,Low
Phoenix Dash: Redemption,79,195,23.2,13,Low
Shark Brawl,247,635,102.2,10,Low
Crow Storm,200,569,120,10,Low
Tiger Park,10,13,10.2,14,Low
Simple Quest 4,45,122,35.2,15,Low
Gun Journey,133,264,79.1,10,Low
Combat Journey,165,388,92.5,10,Low
Samurai Rage,107,304,120,18,Low
Kingdom Adventure 2,140,349,120,10,Low
Warrior Duel,37,55,23.4,17,Low
School Odyssey,54,152,54.9,11,Low
Hero Velocity,33,54,33.6,10,Low
Scope Odyssey 5,77,110,74.2,11,Low
Universe Odyssey,4425,10667,120,50,Mid
The Collection,24,29,16.6,13,Low
Collection Tales,15,43,10.7,19,Low
Prince Odyssey,39,101,14.7,19,Low
Puzzle Quest,71,175,82.6,10,Low
Phoenix Duel 5,122,326,68.5,11,Low
Attack Stories,12,31,6.6,10,Low
Kingdom Quest,119,334,97.2,10,Low
Trigger Tales,26,32,21.4,10,Low
Ring Stories,5,9,4.9,10,Low
Spider Defense,26,43,23.7,12,Low
Combat Chronicles,98,266,68.7,14,Low
Target Journey: Return,129,197,29.1,12,Low
Think Saga 3,14,22,4.5,11,Low
Hyper Collection,114,243,50.9,10,Low
Master Nitro 4,449,1159,120,10,Low
Retro Legends,18,35,3.6,10,Low
Collection Epic,25,50,27.0,12,Low
Battle Adventure,6,8,3.7,10,Low
Raven Match,718,958,120,12,Mid
Siege Adventure,33,43,18.5,12,Low
Blast Stories: Revelation,170,492,120,10,Low
Puzzle Journey 5,52,111,33.3,10,Low
Match Journey,171,381,111.0,10,Low
Mind Legends,53,149,26.3,12,Low
Season Saga,178,321,120,10,Low
Brawl Legends,23,52,25.5,10,Low
Shark Life,88,148,25.0,13,Low
Portal Stories,393,821,120,10,Low
Life Adventure,8,16,3.8,12,Low
Battle Adventure 5,15,18,22.0,10,Low
Season Journey,324,663,120,10,Low
Bridge Tales,253,544,120,10,Low
Pure Odyssey,9,24,5.4,18,Low
Lion Old,25,74,28.1,11,Low
Empire Chronicles,83,120,76.7,15,Low
Combat Epic: Rebirth,1,2,1.0,10,Low
Zoo Adventure 4,30,44,24.0,10,Low
Mega Target 2,732,1592,120,10,Mid
Arcade Chronicles 5,3,5,3.5,10,Low
Portal Chronicles 3,4,9,3.3,10,Low
Think Journey 5,1,2,0.3,10,Low
Brawl Adventure 5,11,31,6.2,10,Low
Clash Journey,36,53,39.5,13,Low
Turbo Rush,78,140,36.9,10,Low
Hero Spring,48,90,21.7,10,Low
Tournament Quest,179,216,41.4,10,Low
Snake Dimension,598,843,120,10,Mid
Fight Saga,32,53,25.5,10,Low
Spring Quest 3,330,853,120,10,Low
Journey Journey,47,88,31.4,10,Low
Sim Adventure 5,171,324,120,14,Low
Rabbit Fire,239,320,120,10,Low
Fun Adventure,22,35,21.4,10,Low
Shark Conflict,21,57,10.7,10,Low
Target Legends 2,233,633,74.3,19,Low
Crow Track 5,19,33,15.4,10,Low
Simple Legends,37,96,18.1,12,Low
Mage Empire,55,137,52.8,10,Low
Voyage Saga,302,389,120,10,Low
Shark Run 3,24,67,19.2,19,Low
Pack Chronicles,136,308,96.6,13,Low
Old Quest,22,41,16.1,10,Low
Portal Adventure,67,200,73.1,15,Low
Fight Journey 5,32,73,14.0,10,Low
Vintage Chronicles,603,970,120,10,Mid
Boost Quest: Rising,29,77,29.0,10,Low
Classic Epic 5,14,37,1.1,10,Low
Turbo Pure,17,38,16.1,10,Low
Mage Match,35,43,26.0,18,Low
Rage Odyssey,378,771,120,10,Low
Riddle Stories 3,40,48,50.9,10,Low
Run Legends,20,48,15.6,13,Low
Fun Stories,73,205,60.8,15,Low
League Tales,245,520,120,12,Low
Target Chronicles,704,1854,120,10,Mid
Collection Saga,16,29,11.8,10,Low
Raven Leap,204,495,120,10,Low
Simple Journey 5,9,17,7.2,10,Low
Dash Adventure 4,8,10,7.3,11,Low
Expedition Tales,391,728,120,11,Low
Pro Tournament: Resurrection,28,61,12.4,10,Low
Games Saga,651,1174,120,10,Mid
Classic Tales,0,0,0,10,Low
Defense Adventure,49,117,49.5,13,Low
Cat Legends,214,316,120,10,Low
Conquest Stories,52,97,61.3,10,Low
Championship Legends,15,28,19.4,10,Low
Final Journey,210,307,101.0,12,Low
Siege Quest 2,143,333,120,14,Low
Fun Epic,83,152,60.6,10,Low
Scorpion Arcade,70,183,85.9,10,Low
Tournament Tales 4,9,17,6.4,17,Low
Brain Odyssey 5,1,2,1.0,10,Low
